TransactionID,SaleDate,CustomerID,ProductID,StoreID,CampaignID,SaleAmount,DiscountPct_num,PaymentType_cat
1,2025-05-04,1034,2059,402,0.0,2048.2,0.04,Credit
2,2025-05-04,1066,2048,403,1.0,321.87,0.13,Credit
3,2025-05-04,1116,2041,403,3.0,3216.84,0.12,Credit
4,2025-05-04,1071,2096,404,2.0,1613.23,0.16,GiftCard
5,2025-05-04,1020,2060,401,0.0,408.38,0.16,PayPal
6,2025-05-04,1089,2028,401,0.0,1275.88,0.19,Cash
7,2025-05-04,1193,2003,402,1.0,346.66,0.18,PayPal
8,2025-05-04,1005,2079,402,1.0,855.49,0.09,GiftCard
9,2025-05-04,1032,2060,401,1.0,735.08,0.19,GiftCard
10,2025-05-04,1119,2089,403,2.0,661.63,0.02,Credit
11,2025-05-04,1042,2077,401,,505.65,0.01,Credit
13,2025-05-04,1147,2086,404,3.0,4470.5,0.01,GiftCard
14,2025-05-04,1183,2025,401,1.0,503.32,0.19,PayPal
15,2025-05-04,1026,2089,403,0.0,413.52,0.13,Credit
16,2025-05-04,1144,2005,403,3.0,1715.12,0.11,Credit
17,2025-05-04,1169,2047,401,2.0,535.97,0.12,PayPal
18,2025-05-04,1003,2053,404,0.0,3660.9,0.09,GiftCard
19,2025-05-04,1110,2046,404,1.0,30.09,0.05,Credit
20,2025-05-04,1111,2022,403,3.0,671.18,0.01,Credit
22,2025-05-04,1062,2011,403,3.0,1229.22,0.05,GiftCard
23,2025-05-04,1062,2096,404,3.0,672.18,0.19,Credit
24,2025-05-04,1086,2003,404,2.0,924.43,0.11,PayPal
25,2025-05-04,1046,2062,402,2.0,1981.95,0.15,Credit
26,2025-05-04,1066,2043,403,2.0,698.76,0.06,PayPal
27,2025-05-04,1142,2001,402,0.0,1237.05,0.16,Credit
28,2025-05-04,1061,2092,404,3.0,482.21,0.08,GiftCard
29,2025-05-04,1142,2097,402,3.0,4210.5,0.08,GiftCard
30,2025-05-04,1165,2091,404,3.0,4528.95,0.2,Credit
31,,1004,2011,403,1.0,737.53,0.04,Cash
34,2025-05-04,1141,2067,403,3.0,872.85,0.13,Credit
35,2025-05-04,1190,2070,403,2.0,54.69,0.11,GiftCard
36,2025-05-04,1179,2058,403,2.0,1066.8,0.1,GiftCard
37,2025-05-04,1064,2029,401,1.0,12.16,0.19,GiftCard
38,2025-05-04,1080,2015,402,1.0,3037.36,0.16,Cash
39,2025-05-04,1055,2094,404,2.0,1578.72,0.01,PayPal
41,2025-05-04,9999,2037,402,2.0,288.11,0.12,Cash
42,2025-05-04,1045,2038,401,1.0,1667.72,0.05,PayPal
43,2025-05-04,1070,2005,401,2.0,686.05,0.04,Cash
45,2025-05-04,1003,2073,403,3.0,1498.29,0.01,PayPal
46,2025-05-04,1122,2056,403,1.0,944.5,0.08,Cash
47,2025-05-04,1013,2032,404,0.0,2836.8,0.07,Cash
48,2025-05-04,1016,2051,404,0.0,117.32,0.14,GiftCard
50,2025-05-04,1038,2072,403,0.0,840.6,0,Cash
51,2025-05-04,1063,2015,404,1.0,1214.95,0.15,Cash
52,2025-05-04,1198,2066,404,3.0,516.06,0.15,GiftCard
53,2025-05-04,1113,2038,404,2.0,2223.62,0.18,PayPal
54,2025-05-04,1145,2079,401,0.0,1901.08,0.15,PayPal
55,2025-05-04,1195,2026,402,2.0,507.74,0.06,GiftCard
56,2025-05-04,1169,2010,402,1.0,140.11,0.11,Credit
58,2025-05-04,1000,2052,404,3.0,2193.78,0,PayPal
59,2025-05-04,1074,2004,402,2.0,741.8,0.09,GiftCard
60,2025-05-04,1180,2036,404,0.0,217.98,0.11,PayPal
61,2025-05-04,1175,2029,403,1.0,36.48,0.05,PayPal
62,2025-05-04,1108,2014,402,1.0,221.67,0.07,PayPal
63,2025-05-04,1068,2018,401,0.0,2169.04,0.07,Credit
64,2025-05-04,1042,2039,403,3.0,2929.32,0.17,GiftCard
66,2025-05-04,1069,2064,404,3.0,1470.2,0.2,Cash
67,2025-05-04,1020,2076,401,3.0,4836.42,0,PayPal
68,2025-05-04,1188,2041,403,0.0,1608.42,0.09,Credit
71,2025-05-04,1132,2083,404,2.0,614.53,0.19,GiftCard
72,2025-05-04,1046,2074,404,3.0,659.5,0.18,Credit
73,2025-05-04,1023,2060,403,3.0,1225.14,0.13,PayPal
74,2025-05-04,1085,2041,401,1.0,1447.58,0.17,Credit
75,2025-05-04,1084,2052,404,2.0,2925.04,0.16,PayPal
76,2025-05-04,1169,2051,401,3.0,117.32,0.03,Cash
77,2025-05-04,1022,2040,403,2.0,55.26,0.05,Credit
78,2025-05-04,1029,2098,404,0.0,3631.44,0,Cash
79,2025-05-04,1168,2069,404,3.0,232.39,0.1,GiftCard
80,2025-05-04,1013,2024,403,3.0,372.81,0.01,GiftCard
81,2025-05-04,1160,2056,401,1.0,472.25,0.19,Credit
82,2025-05-04,1068,2070,402,2.0,109.38,0.15,Credit
83,2025-05-04,1112,2089,404,0.0,2067.6,0.12,Cash
84,2025-05-04,1007,2080,402,1.0,1498.07,0.12,Credit
85,2025-05-04,1079,2070,401,3.0,34.18,0.13,PayPal
86,2025-05-04,1023,2028,401,3.0,2551.76,0.2,GiftCard
87,2025-05-04,1030,2082,402,3.0,799.8,0.07,PayPal
88,2025-05-04,1183,2037,403,3.0,2160.84,0.14,GiftCard
89,2025-05-04,1123,2060,402,3.0,2450.28,0.14,GiftCard
90,2025-05-04,1141,2018,404,1.0,2440.17,0.2,GiftCard
91,2025-05-04,1153,2065,402,0.0,470.34,0.2,Cash
93,2025-05-04,1129,2034,401,2.0,108.94,0.16,GiftCard
94,2025-05-04,1185,2038,404,1.0,1667.72,0.02,Cash
95,2025-05-04,1114,2068,404,2.0,656.19,0.05,GiftCard
97,2025-05-04,1082,2024,402,3.0,372.81,0.1,PayPal
98,2025-05-04,1059,2099,404,0.0,1292.64,0,PayPal
99,2025-05-04,1081,2095,404,3.0,490.79,0.09,Cash
101,2025-05-04,1009,2016,403,0.0,969.06,0.13,Credit
102,2025-05-04,1112,2012,404,0.0,1869.57,0.18,Credit
103,2025-05-04,1184,2018,404,1.0,488.03,0.16,Credit
106,2025-05-04,1084,2086,404,2.0,2861.12,0.02,GiftCard
107,2025-05-04,1160,2091,404,0.0,905.79,0.16,GiftCard
108,2025-05-04,1158,2008,402,2.0,159.82,0.05,Cash
109,2025-05-04,1058,2095,401,3.0,2453.95,0.14,PayPal
110,2025-05-04,1025,2097,401,3.0,842.1,0.04,GiftCard
111,2025-05-04,1042,2088,403,0.0,709.35,0.18,GiftCard
115,2025-05-04,1043,2022,401,3.0,2684.72,0.08,GiftCard
116,2025-05-04,1158,2087,402,3.0,477.96,0.14,Cash
117,2025-05-04,1149,2018,402,3.0,1626.78,0.2,GiftCard
118,2025-05-04,1163,2032,404,2.0,756.48,0.06,Credit
119,2025-05-04,1170,2001,404,2.0,659.76,0.13,Credit
120,2025-05-04,1173,2069,402,0.0,464.78,0.04,Credit
122,2025-05-04,1176,2032,404,2.0,756.48,0.12,GiftCard
123,2025-05-04,1050,2049,404,0.0,2819.52,0.09,Cash
124,2025-05-04,1060,2048,403,2.0,1144.42,0.16,PayPal
125,2025-05-04,1179,2037,401,3.0,1440.56,0.12,GiftCard
129,2025-05-04,1173,2096,402,0.0,672.18,0.14,Cash
130,2025-05-04,1160,2082,401,2.0,426.56,0.11,PayPal
131,2025-05-04,1112,2004,403,1.0,1669.05,0.06,PayPal
132,2025-05-04,1023,2037,403,3.0,2160.84,0.11,Cash
133,2025-05-04,1044,2025,402,2.0,223.7,0.03,GiftCard
134,2025-05-04,1135,2064,403,1.0,793.91,0.2,GiftCard
135,2025-05-04,1065,2061,403,2.0,639.74,0.04,PayPal
136,2025-05-04,1029,2059,401,1.0,921.69,0.2,Credit
137,2025-05-04,1193,2028,404,2.0,1531.06,0.01,Cash
138,2025-05-04,1023,2050,401,2.0,298.85,0.13,Cash
139,2025-05-04,1137,2015,404,2.0,539.98,0.18,PayPal
140,2025-05-04,1172,2095,403,3.0,2453.95,0.06,PayPal
141,2025-05-04,1163,2047,401,1.0,301.48,0.06,GiftCard
142,2025-05-04,1120,2003,403,1.0,1039.99,0.14,PayPal
143,2025-05-04,1165,2008,404,2.0,53.27,0.08,Cash
144,2025-05-04,1166,2052,401,1.0,658.13,0.2,GiftCard
145,2025-05-04,1011,2004,403,3.0,3709.0,0.05,GiftCard
147,2025-05-04,1099,2058,403,3.0,666.75,0.08,PayPal
148,2025-05-04,1150,2095,402,3.0,490.79,0.1,GiftCard
150,2025-05-04,1071,2004,403,1.0,834.52,0.18,GiftCard
151,2025-05-04,1113,2056,402,2.0,839.55,0.07,Credit
153,2025-05-04,1015,2050,403,1.0,504.31,0.15,PayPal
154,2025-05-04,1031,2058,401,1.0,2400.3,0.08,Credit
155,2025-05-04,1164,2081,401,0.0,2984.88,0.09,Credit
156,2025-05-04,1085,2031,402,1.0,508.77,0.14,Cash
157,2025-05-04,1017,2097,402,1.0,757.89,0.2,Credit
160,2025-05-04,1044,2014,401,1.0,886.68,0.12,Credit
161,2025-05-04,1003,2045,402,2.0,499.42,0.16,Credit
162,2025-05-04,1004,2022,403,0.0,671.18,0.1,Credit
163,2025-05-04,1032,2094,404,0.0,493.35,0.19,PayPal
164,2025-05-04,1190,2008,404,3.0,266.36,0.18,PayPal
165,2025-05-04,1199,2046,401,3.0,167.15,0.11,PayPal
166,2025-05-04,1128,2028,401,2.0,2041.41,0.19,PayPal
167,2025-05-04,1117,2082,401,0.0,799.8,0.1,PayPal
168,2025-05-04,1122,2051,404,0.0,234.64,0.03,Cash
169,2025-05-04,1125,2091,404,0.0,1811.58,0.04,Cash
171,2025-05-04,1032,2035,403,3.0,4499.95,0.2,GiftCard
172,2025-05-04,1152,2067,403,3.0,872.85,0.17,Cash
173,2025-05-04,1129,2077,404,0.0,2809.15,0.2,Cash
174,2025-05-04,1179,2014,402,3.0,738.9,0.11,Cash
176,2025-05-04,1116,2051,404,0.0,351.96,0.2,Credit
177,2025-05-04,1080,2054,403,2.0,3602.04,0.12,GiftCard
178,2025-05-04,1095,2019,404,0.0,933.93,0.06,GiftCard
180,2025-05-04,1024,2095,403,1.0,3533.69,0,GiftCard
181,2025-05-04,1142,2007,403,0.0,583.39,0.18,PayPal
182,2025-05-04,1105,2045,404,0.0,624.28,0.09,Cash
183,2025-05-04,1073,2076,403,2.0,1934.57,0.05,PayPal
184,2025-05-04,1026,2073,402,1.0,1797.95,0.2,Cash
185,2025-05-04,1168,2061,402,0.0,599.76,0,Cash
188,2025-05-04,1143,2098,401,2.0,2178.86,0.03,PayPal
189,2025-05-04,1007,2023,403,2.0,751.63,0.01,Cash
190,2025-05-04,1086,2044,401,1.0,373.64,0.08,Credit
191,2025-05-04,1036,2072,404,0.0,1260.9,0.16,Cash
192,2025-05-04,1036,2094,401,0.0,2466.75,0.2,Cash
193,2025-05-04,1191,2067,402,3.0,872.85,0.12,PayPal
194,2025-05-04,1107,2058,403,1.0,1800.22,0.01,PayPal
195,2025-05-04,1094,2039,403,0.0,1952.88,0.14,PayPal
198,2025-05-04,1169,2054,404,3.0,900.51,0.06,Credit
199,2025-05-04,1106,2034,402,0.0,136.17,0.08,Credit
200,2025-05-04,1088,2055,401,2.0,129.46,0.19,GiftCard
201,2025-05-04,1173,2086,404,2.0,715.28,0.08,Cash
203,2025-05-04,1001,2026,403,1.0,190.4,0.19,PayPal
204,2025-05-04,1196,2017,403,2.0,370.96,0.1,PayPal
206,2025-05-04,1191,2055,402,1.0,48.55,0.14,PayPal
207,2025-05-04,1097,2068,402,2.0,1312.38,0,Cash
209,2025-05-04,1004,2058,401,2.0,1066.8,0.05,GiftCard
210,2025-05-04,1147,2054,404,3.0,2701.53,0.13,Credit
211,2025-05-04,1074,2014,404,0.0,738.9,0.09,Cash
212,2025-05-04,1083,2021,404,2.0,668.33,0.12,GiftCard
213,2025-05-04,1022,2055,401,1.0,97.09,0.18,GiftCard
214,2025-05-04,1111,2075,404,0.0,1561.28,0.06,Cash
215,2025-05-04,1101,2039,403,1.0,2636.39,0.19,Cash
216,2025-05-04,1085,2099,402,0.0,646.32,0.09,GiftCard
217,2025-05-04,1130,2081,401,1.0,1343.2,0.12,Cash
218,2025-05-04,1198,2044,403,1.0,186.82,0.1,Cash
220,2025-05-04,1050,2022,402,0.0,671.18,0.15,GiftCard
221,2025-05-04,1045,2098,404,3.0,907.86,0.11,PayPal
222,2025-05-04,1193,2072,404,2.0,1681.2,0.08,Cash
223,2025-05-04,1160,2040,402,3.0,138.16,0.03,Cash
225,2025-05-04,1070,2075,401,2.0,624.51,0.14,PayPal
226,2025-05-04,1129,2009,403,3.0,198.93,0.07,GiftCard
227,2025-05-04,1115,2004,401,2.0,2225.4,0.01,PayPal
228,2025-05-04,1073,2009,401,3.0,66.31,0.09,Cash
229,2025-05-04,1118,2074,401,3.0,659.5,0,GiftCard
230,2025-05-04,1146,2083,402,2.0,614.53,0.1,PayPal
231,2025-05-04,1154,2060,402,0.0,408.38,0.13,Cash
232,2025-05-04,1115,2013,403,0.0,2806.08,0.14,Credit
233,2025-05-04,1129,2082,402,0.0,1066.4,0.17,Credit
234,2025-05-04,1063,2090,404,3.0,71.64,0.12,Cash
235,2025-05-04,1134,2066,402,2.0,1238.54,0.02,GiftCard
236,2025-05-04,1095,2036,404,3.0,653.94,0.1,PayPal
237,2025-05-04,1198,2043,401,2.0,1397.52,0.01,Credit
239,2025-05-04,1072,2032,402,2.0,1512.96,0.13,GiftCard
240,2025-05-04,1020,2074,402,2.0,527.6,0.07,Cash
241,2025-05-04,1079,2083,404,1.0,691.34,0.01,GiftCard
242,2025-05-04,1152,2090,401,2.0,57.31,0.05,Cash
244,2025-05-04,1171,2089,401,3.0,1654.08,0.19,Cash
245,2025-05-04,1130,2046,401,2.0,106.98,0.09,PayPal
246,2025-05-04,1079,2023,402,2.0,3006.53,0.01,Cash
247,2025-05-04,1196,2062,402,1.0,1114.85,0.19,PayPal
249,2025-05-04,1025,2064,401,2.0,705.7,0.06,GiftCard
250,2025-05-04,1196,2079,402,3.0,2851.62,0.04,Credit
251,2025-05-04,1039,2020,402,1.0,338.25,0.05,Credit
252,2025-05-04,1184,2056,401,3.0,1574.16,0.2,PayPal
253,2025-05-04,1093,2086,402,3.0,3576.4,0.2,GiftCard
254,2025-05-04,1156,2036,404,1.0,392.36,0.11,PayPal
255,2025-05-04,1136,2030,403,3.0,509.91,0.2,PayPal
256,2025-05-04,1049,2047,404,3.0,1674.9,0.13,Credit
258,2025-05-04,1041,2025,402,2.0,671.09,0.05,PayPal
259,2025-05-04,1013,2082,404,2.0,1066.4,0.1,Credit
260,2025-05-04,1141,2013,401,2.0,748.29,0.18,Credit
261,2025-05-04,1021,2097,402,2.0,673.68,0.05,Cash
262,2025-05-04,1115,2065,402,3.0,1881.36,0.06,Cash
263,2025-05-04,1023,2028,404,2.0,510.35,0.13,Credit
264,2025-05-04,1006,2053,401,3.0,610.15,0.14,PayPal
265,2025-05-04,1128,2047,402,3.0,1004.94,0.12,PayPal
266,2025-05-04,1020,2047,402,0.0,669.96,0.06,Cash
267,2025-05-04,1081,2012,403,1.0,1682.61,0.18,Credit
268,2025-05-04,1035,2004,403,3.0,927.25,0.16,GiftCard
269,2025-05-04,1178,2017,404,3.0,1854.8,0.1,Credit
270,2025-05-04,1157,2000,401,0.0,1938.62,0.13,PayPal
271,2025-05-04,1065,2027,402,3.0,775.83,0.08,PayPal
272,2025-05-04,1028,2099,403,1.0,3490.13,0.01,PayPal
273,2025-05-04,1077,2015,401,1.0,1822.42,0.13,Credit
274,2025-05-04,1107,2081,404,0.0,2238.66,0.19,Credit
275,2025-05-04,1028,2063,401,1.0,994.43,0.07,PayPal
276,2025-05-04,1183,2018,403,3.0,2711.3,0.18,PayPal
278,2025-05-04,1146,2053,402,0.0,1220.3,0.07,GiftCard
279,2025-05-04,1134,2046,401,0.0,33.43,0.11,Cash
280,2025-05-04,1099,2060,401,3.0,1633.52,0.11,GiftCard
281,2025-05-04,1095,2032,401,2.0,1512.96,0.02,Credit
282,2025-05-04,1017,2044,402,0.0,207.58,0.17,GiftCard
283,2025-05-04,1197,2074,403,1.0,593.55,0.11,PayPal
284,2025-05-04,1011,2045,403,1.0,842.78,0.01,Cash
285,2025-05-04,1199,2087,404,3.0,159.32,0.15,GiftCard
286,2025-05-04,1161,2023,402,0.0,939.54,0.14,Credit
287,2025-05-04,1183,2099,404,0.0,1292.64,0.13,PayPal
289,2025-05-04,1010,2040,403,3.0,138.16,0.02,Cash
290,2025-05-04,1139,2060,403,0.0,1225.14,0.18,Cash
291,2025-05-04,1192,2082,402,2.0,213.28,0.1,PayPal
292,2025-05-04,1091,2099,401,2.0,1034.11,0.07,PayPal
293,2025-05-04,1069,2015,403,3.0,2699.88,0.05,Cash
294,2025-05-04,1102,2095,404,3.0,1472.37,0.02,Cash
295,2025-05-04,1086,2023,404,3.0,3758.16,0.06,PayPal
296,2025-05-04,1094,2066,403,0.0,1032.12,0.07,Credit
298,2025-05-04,1154,2023,403,2.0,751.63,0.02,Credit
299,2025-05-04,1026,2010,403,2.0,62.27,0.03,Credit
300,2025-05-04,1078,2057,404,1.0,393.28,0.14,Credit
301,2025-05-04,1176,2056,403,3.0,524.72,0.2,GiftCard
303,2025-05-04,1070,2081,401,0.0,1492.44,0.18,PayPal
304,2025-05-04,1171,2081,404,2.0,596.98,0.01,Cash
305,2025-05-04,1131,2095,402,0.0,1472.37,0.1,Credit
306,2025-05-04,1036,2077,404,0.0,1123.66,0.2,Credit
307,2025-05-04,1032,2008,402,2.0,106.54,0.09,GiftCard
309,2025-05-04,1173,2057,403,2.0,349.58,0.18,PayPal
310,2025-05-04,1113,2097,401,1.0,757.89,0.04,Cash
311,2025-05-04,1135,2046,404,2.0,80.23,0.2,GiftCard
312,2025-05-04,1166,2035,402,0.0,899.99,0.19,Cash
313,2025-05-04,1006,2094,402,3.0,1480.05,0.14,GiftCard
314,2025-05-04,1132,2049,401,2.0,1503.74,0.05,GiftCard
315,2025-05-04,1198,2033,404,1.0,2257.88,0.03,GiftCard
316,2025-05-04,1156,2036,404,1.0,784.73,0.15,Cash
318,2025-05-04,1044,2091,404,0.0,1811.58,0.12,Credit
319,2025-05-04,1174,2040,403,0.0,34.54,0.08,GiftCard
320,2025-05-04,1140,2069,403,2.0,557.74,0.12,GiftCard
321,2025-05-04,1040,2091,402,2.0,724.63,0.12,Cash
322,2025-05-04,1130,2028,401,1.0,574.15,0.2,Cash
323,2025-05-04,1035,2030,404,0.0,339.94,0.1,Credit
324,2025-05-04,1092,2070,403,3.0,102.54,0.18,Credit
326,2025-05-04,1079,2050,404,3.0,186.78,0,Cash
327,2025-05-04,1196,2052,401,1.0,2632.54,0.19,PayPal
328,2025-05-04,1081,2082,401,3.0,1066.4,0.15,GiftCard
330,2025-05-04,1199,2070,402,1.0,30.76,0.12,Cash
332,2025-05-04,1132,2019,403,1.0,1681.07,0.01,PayPal
333,2025-05-04,1041,2041,402,2.0,643.37,0.05,Cash
334,2025-05-04,1132,2036,401,2.0,348.77,0.2,GiftCard
335,2025-05-04,1050,2081,403,1.0,2686.39,0.13,GiftCard
337,2025-05-04,1151,2074,402,1.0,1187.1,0.14,GiftCard
338,2025-05-04,1168,2079,403,0.0,1901.08,0.06,PayPal
339,2025-05-04,1007,2010,401,2.0,62.27,0.12,Credit
341,2025-05-04,1127,2080,403,2.0,1997.42,0.02,GiftCard
342,2025-05-04,1123,2031,404,2.0,1356.72,0.01,PayPal
343,2025-05-04,1116,2009,401,1.0,119.36,0.04,Credit
345,2025-05-04,1052,2043,402,2.0,698.76,0.01,PayPal
346,2025-05-04,1183,2040,403,3.0,103.62,0.06,Cash
347,2025-05-04,1033,2097,403,0.0,4210.5,0.1,Credit
348,2025-05-04,1081,2030,404,0.0,339.94,0.01,GiftCard
349,2025-05-04,1068,2057,402,1.0,1179.85,0.11,Credit
350,2025-05-04,1024,2006,403,3.0,594.0,0.16,GiftCard
351,2025-05-04,1157,2053,402,1.0,1098.27,0.07,Cash
352,2025-05-04,1083,2073,403,1.0,2247.44,0.15,Cash
353,2025-05-04,1195,2020,404,3.0,1879.15,0,GiftCard
354,2025-05-04,1127,2039,404,0.0,1952.88,0.09,Credit
356,2025-05-04,1055,2074,403,0.0,1978.5,0.2,PayPal
357,2025-05-04,1012,2036,404,3.0,653.94,0.02,GiftCard
358,2025-05-04,1073,2068,401,0.0,2460.72,0.15,Cash
359,2025-05-04,1110,2017,403,2.0,370.96,0.04,GiftCard
360,2025-05-04,1195,2051,403,0.0,117.32,0.15,Credit
361,2025-05-04,1102,2006,402,2.0,792.0,0.19,Cash
362,2025-05-04,1141,2036,401,3.0,871.92,0.14,GiftCard
363,2025-05-04,1129,2057,403,0.0,1747.92,0.14,PayPal
364,2025-05-04,1032,2012,404,2.0,997.1,0.01,PayPal
365,2025-05-04,1086,2071,403,1.0,553.64,0.1,Cash
366,2025-05-04,1050,2077,404,0.0,561.83,0.13,PayPal
369,2025-05-04,1155,2065,402,2.0,1128.82,0.12,PayPal
370,2025-05-04,1156,2040,402,3.0,138.16,0.1,Credit
371,2025-05-04,1157,2094,403,2.0,1578.72,0.2,Credit
372,2025-05-04,1129,2065,404,2.0,752.54,0.13,Credit
373,2025-05-04,1121,2002,403,2.0,2771.2,0.09,PayPal
374,2025-05-04,1172,2014,404,2.0,197.04,0.17,GiftCard
375,2025-05-04,1185,2088,401,3.0,2128.05,0.08,Cash
377,2025-05-04,1149,2061,402,3.0,1199.52,0.08,Cash
378,2025-05-04,1037,2087,402,0.0,318.64,0.11,Cash
379,2025-05-04,1146,2089,401,1.0,744.34,0.02,PayPal
380,2025-05-04,1004,2056,403,3.0,2098.88,0.12,GiftCard
381,2025-05-04,1038,2052,402,3.0,2193.78,0.11,Cash
382,2025-05-04,1128,2099,404,0.0,3877.92,0.08,GiftCard
383,2025-05-04,1180,2017,402,2.0,741.92,0.14,Credit
384,2025-05-04,1169,2061,404,2.0,319.87,0.04,Credit
385,2025-05-04,1044,2058,403,2.0,1066.8,0.15,PayPal
386,2025-05-04,1173,2098,403,3.0,3631.44,0.01,Cash
387,2025-05-04,1049,2031,403,2.0,1356.72,0.07,Credit
388,2025-05-04,1057,2038,403,1.0,2501.58,0.16,Credit
389,2025-05-04,1176,2090,404,2.0,343.87,0.07,GiftCard
390,2025-05-04,1122,2044,403,2.0,166.06,0.17,GiftCard
391,2025-05-04,1031,2073,404,3.0,1498.29,0.14,Cash
392,2025-05-04,1088,2098,402,2.0,726.29,0.1,Cash
393,2025-05-04,1010,2036,401,2.0,348.77,0.2,PayPal
394,2025-05-04,1113,2083,403,3.0,3072.64,0.1,Credit
395,2025-05-04,1054,2025,403,2.0,671.09,0.02,Credit
396,2025-05-04,1035,2013,402,1.0,1683.65,0.09,PayPal
397,2025-05-04,1012,2085,402,1.0,217.94,0.04,Cash
398,2025-05-04,1013,2012,404,2.0,1994.21,0.18,Cash
399,2025-05-04,1183,2060,401,1.0,367.54,0.11,GiftCard
400,2025-05-04,1001,2070,402,3.0,102.54,0,GiftCard
401,2025-05-04,1167,2060,404,1.0,735.08,0.02,Credit
402,2025-05-04,1193,2036,403,2.0,348.77,0.16,PayPal
404,2025-05-04,1136,2094,401,1.0,1776.06,0.07,PayPal
405,2025-05-04,1106,2022,401,3.0,671.18,0.11,Cash
407,2025-05-04,1002,2038,401,2.0,1482.42,0.05,PayPal
408,2025-05-04,1072,2058,404,1.0,1200.15,0.08,PayPal
409,2025-05-04,1129,2059,403,1.0,1382.54,0.12,Cash
410,2025-05-04,1028,2042,402,3.0,502.83,0.06,Cash
412,2025-05-04,1188,2043,403,1.0,1572.21,0.01,PayPal
413,2025-05-04,1044,2078,404,3.0,426.03,0.05,GiftCard
414,2025-05-04,1131,2041,401,3.0,3216.84,0.12,PayPal
415,2025-05-04,1171,2012,402,1.0,1121.74,0.01,Credit
416,2025-05-04,1122,2041,402,0.0,1608.42,0.02,GiftCard
418,2025-05-04,1192,2034,403,2.0,326.81,0.13,Cash
419,2025-05-04,1149,2092,401,2.0,1157.3,0.05,Credit
420,2025-05-04,1167,2046,402,0.0,133.72,0.2,Credit
422,2025-05-04,1040,2051,403,0.0,469.28,0.13,Cash
424,2025-05-04,1056,2017,404,1.0,834.66,0.06,Credit
425,2025-05-04,1116,2095,403,3.0,490.79,0.07,Cash
426,2025-05-04,1179,2070,404,1.0,61.52,0.18,Cash
427,2025-05-04,1195,2031,401,3.0,1695.9,0.03,GiftCard
429,2025-05-04,1144,2014,401,1.0,443.34,0.18,Cash
430,2025-05-04,1146,2068,402,1.0,2952.86,0.19,GiftCard
431,2025-05-04,1083,2066,404,0.0,516.06,0.02,Credit
432,2025-05-04,1174,2026,404,0.0,423.12,0.2,Cash
433,2025-05-04,1130,2057,401,3.0,1747.92,0.08,GiftCard
435,2025-05-04,1144,2007,404,2.0,933.42,0.14,PayPal
436,2025-05-04,1185,2002,404,2.0,692.8,0.02,Credit
438,2025-05-04,1011,2054,403,0.0,900.51,0.02,Cash
439,2025-05-04,1138,2007,401,3.0,2333.56,0.18,Credit
440,2025-05-04,1008,2036,404,1.0,196.18,0.15,GiftCard
441,2025-05-04,1196,2017,404,2.0,741.92,0.01,GiftCard
442,2025-05-04,1097,2057,404,3.0,436.98,0.05,GiftCard
443,2025-05-04,1020,2087,402,2.0,637.28,0.18,PayPal
444,2025-05-04,1030,2022,404,1.0,604.06,0.04,PayPal
445,2025-05-04,1186,2028,401,0.0,2551.76,0.2,Cash
446,2025-05-04,1076,2059,404,3.0,1536.15,0.06,Credit
448,2025-05-04,1039,2035,402,0.0,899.99,0.15,Cash
449,2025-05-04,1008,2084,404,0.0,845.55,0.06,PayPal
450,2025-05-04,1061,2026,401,0.0,423.12,0.05,GiftCard
451,2025-05-04,1152,2004,404,0.0,2781.75,0.02,Cash
452,2025-05-04,1062,2094,401,3.0,1973.4,0.12,PayPal
453,2025-05-04,1112,2029,402,0.0,13.51,0.19,Cash
455,2025-05-04,1187,2073,403,2.0,399.54,0.05,Cash
456,2025-05-04,1060,2038,402,1.0,3335.44,0.02,PayPal
457,2025-05-04,1105,2038,403,0.0,1853.02,0.12,Credit
458,2025-05-04,1142,2075,402,3.0,3903.2,0.05,PayPal
459,2025-05-04,1142,2063,401,2.0,1325.9,0.2,GiftCard
460,2025-05-04,1164,2085,404,2.0,387.44,0.14,Cash
461,2025-05-04,1178,2053,404,1.0,1647.4,0.12,PayPal
462,2025-05-04,1076,2048,402,3.0,1072.89,0.09,Cash
463,2025-05-04,1061,2028,403,1.0,1148.29,0.16,Credit
464,2025-05-04,1118,2007,404,3.0,1750.17,0.12,PayPal
465,2025-05-04,1142,2067,402,3.0,1163.8,0.05,PayPal
466,2025-05-04,1062,2032,402,2.0,756.48,0.1,GiftCard
467,2025-05-04,1165,2010,404,2.0,124.54,0.12,GiftCard
468,2025-05-04,1023,2068,402,0.0,2460.72,0.04,Cash
469,2025-05-04,1068,2048,401,0.0,715.26,0.15,PayPal
471,2025-05-04,1053,2042,403,0.0,167.61,0.18,PayPal
472,2025-05-04,1054,2024,401,3.0,372.81,0.16,Credit
473,2025-05-04,1062,2089,402,3.0,1240.56,0.13,GiftCard
474,2025-05-04,1061,2070,403,2.0,27.34,0.05,GiftCard
476,2025-05-04,1066,2046,404,3.0,200.58,0.08,GiftCard
477,2025-05-04,1025,2092,404,2.0,771.54,0.11,Credit
478,2025-05-04,1052,2047,403,3.0,334.98,0.01,GiftCard
479,2025-05-04,1011,2072,402,1.0,756.54,0.18,PayPal
481,2025-05-04,1039,2025,403,1.0,503.32,0.06,PayPal
482,2025-05-04,1097,2072,402,3.0,420.3,0.02,Credit
483,2025-05-04,1140,2083,403,2.0,1843.58,0.15,PayPal
484,2025-05-04,1195,2062,404,3.0,3096.8,0.16,GiftCard
485,2025-05-04,1043,2093,403,1.0,1360.69,0.17,Cash
487,2025-05-04,1138,2082,401,0.0,533.2,0.2,GiftCard
488,2025-05-04,1019,2085,401,0.0,484.3,0.03,Cash
489,2025-05-04,1105,2017,402,0.0,1391.1,0.2,GiftCard
490,2025-05-04,1181,2019,401,1.0,4202.68,0.05,GiftCard
491,2025-05-04,1129,2058,403,0.0,1333.5,0.17,Cash
492,2025-05-04,1158,2081,404,3.0,2984.88,0.14,Credit
493,2025-05-04,1004,2000,404,0.0,2907.93,0.17,PayPal
494,2025-05-04,1004,2067,403,2.0,465.52,0.08,Cash
495,2025-05-04,1004,2064,404,1.0,1323.18,0.19,Cash
496,2025-05-04,1027,2012,402,1.0,1121.74,0.05,PayPal
497,2025-05-04,1049,2079,403,2.0,3802.16,0.13,PayPal
499,2025-05-04,1103,2058,402,1.0,600.08,0.08,Credit
500,2025-05-04,1076,2087,401,0.0,159.32,0.08,GiftCard
501,2025-05-04,1023,2051,404,3.0,351.96,0.09,Cash
502,2025-05-04,1141,2060,401,0.0,408.38,0.16,PayPal
503,2025-05-04,1179,2021,401,3.0,835.41,0.01,GiftCard
505,2025-05-04,1135,2005,402,1.0,1157.71,0.06,GiftCard
506,2025-05-04,1177,2072,404,2.0,1008.72,0.18,PayPal
508,2025-05-04,1045,2040,401,1.0,31.09,0.16,Cash
509,2025-05-04,1150,2018,404,0.0,1084.52,0.03,PayPal
510,2025-05-04,1076,2020,402,3.0,2254.98,0.1,GiftCard
511,2025-05-04,1173,2069,403,3.0,232.39,0.15,PayPal
512,2025-05-04,1193,2094,402,0.0,1480.05,0.03,PayPal
514,2025-05-04,1025,2055,402,0.0,107.88,0.03,Cash
515,2025-05-04,1087,2077,404,2.0,449.46,0.02,Cash
516,2025-05-04,1007,2081,403,3.0,746.22,0.07,GiftCard
517,2025-05-04,1125,2029,403,3.0,40.53,0.18,PayPal
518,2025-05-04,1110,2023,404,0.0,1879.08,0.17,PayPal
519,2025-05-04,1197,2079,403,1.0,855.49,0.02,Credit
520,2025-05-04,1182,2009,401,2.0,53.05,0.01,Credit
521,2025-05-04,1039,2048,402,3.0,357.63,0,Credit
522,2025-05-04,1081,2046,401,0.0,33.43,0.07,PayPal
523,2025-05-04,1001,2039,404,2.0,2343.46,0.2,Credit
524,2025-05-04,1194,2034,401,1.0,245.11,0.18,GiftCard
525,2025-05-04,1022,2023,404,3.0,5637.24,0.13,GiftCard
526,2025-05-04,1142,2071,404,0.0,615.16,0.04,GiftCard
527,2025-05-04,1006,2011,403,0.0,1229.22,0.18,Cash
528,2025-05-04,1152,2076,403,3.0,2418.21,0.04,Cash
529,2025-05-04,1003,2037,404,3.0,1440.56,0.09,Credit
530,2025-05-04,1199,2010,402,1.0,210.17,0.07,Cash
531,2025-05-04,1175,2048,402,1.0,965.6,0.07,PayPal
533,2025-05-04,1037,2008,402,3.0,266.36,0.11,Credit
534,2025-05-04,1070,2053,403,3.0,1830.45,0.15,PayPal
535,2025-05-04,1005,2009,403,2.0,53.05,0.19,Credit
536,2025-05-04,1063,2092,404,1.0,867.98,0,PayPal
537,2025-05-04,1117,2013,402,2.0,2244.86,0.2,GiftCard
539,2025-05-04,1084,2056,403,3.0,1574.16,0.14,Cash
542,2025-05-04,1080,2022,404,2.0,1073.89,0.09,Cash
543,2025-05-04,1074,2094,404,1.0,444.02,0.04,GiftCard
545,2025-05-04,1093,2014,402,1.0,221.67,0.04,Credit
546,2025-05-04,1174,2098,401,3.0,2723.58,0.14,GiftCard
547,2025-05-04,1181,2026,404,2.0,507.74,0.2,GiftCard
548,2025-05-04,1177,2008,404,3.0,332.95,0.09,Cash
549,2025-05-04,1035,2081,403,1.0,1343.2,0.04,GiftCard
550,2025-05-04,1064,2084,402,3.0,845.55,0.07,PayPal
551,2025-05-04,1096,2009,404,3.0,198.93,0.04,PayPal
553,2025-05-04,1092,2089,401,0.0,827.04,0.04,Credit
554,2025-05-04,1196,2031,403,1.0,1526.31,0.01,Credit
555,2025-05-04,1165,2078,401,3.0,142.01,0.03,GiftCard
556,2025-05-04,1192,2042,404,0.0,1005.66,0.13,GiftCard
557,2025-05-04,1002,2012,403,1.0,560.87,0.08,PayPal
558,2025-05-04,1130,2095,402,3.0,1963.16,0.05,GiftCard
559,2025-05-04,1095,2050,404,1.0,168.1,0.19,Cash
560,2025-05-04,1088,2003,404,0.0,385.18,0.07,Cash
561,2025-05-04,1075,2053,401,0.0,1830.45,0.08,Credit
562,2025-05-04,1186,2018,403,2.0,1301.42,0.03,GiftCard
563,2025-05-04,1087,2058,402,3.0,2667.0,0.16,Cash
564,2025-05-04,1089,2060,401,3.0,408.38,0.18,PayPal
565,2025-05-04,1184,2089,404,2.0,1984.9,0.16,GiftCard
567,2025-05-04,1005,2043,401,1.0,786.1,0.08,Cash
568,2025-05-04,1189,2031,402,1.0,2035.08,0.12,PayPal
570,2025-05-04,1059,2051,402,1.0,527.94,0.17,Credit
571,2025-05-04,1163,2084,404,3.0,845.55,0.04,PayPal
572,2025-05-04,1007,2094,402,3.0,493.35,0.01,PayPal
575,2025-05-04,1192,2090,401,0.0,286.56,0,PayPal
576,2025-05-04,1137,2023,403,2.0,1503.26,0.12,PayPal
577,2025-05-04,1050,2058,401,2.0,1066.8,0.08,PayPal
578,2025-05-04,1171,2062,403,3.0,619.36,0.1,PayPal
580,2025-05-04,1090,2058,402,2.0,1066.8,0.04,Cash
581,2025-05-04,1157,2075,401,1.0,702.58,0.09,Cash
582,2025-05-04,1080,2015,402,2.0,1619.93,0.02,PayPal
584,2025-05-04,1130,2049,404,1.0,845.86,0.07,GiftCard
585,2025-05-04,1147,2049,404,1.0,845.86,0.2,Credit
586,2025-05-04,1124,2081,402,1.0,2686.39,0.05,Credit
587,2025-05-04,1125,2036,402,1.0,588.55,0.17,Cash
588,2025-05-04,1080,2057,401,2.0,699.17,0.2,Credit
589,2025-05-04,1002,2062,402,1.0,1114.85,0.11,GiftCard
590,2025-05-04,1098,2071,404,3.0,1845.48,0.16,GiftCard
591,2025-05-04,1175,2062,404,3.0,1858.08,0.11,GiftCard
592,2025-05-04,1125,2021,401,0.0,1670.82,0.08,PayPal
593,2025-05-04,1194,2028,403,0.0,637.94,0.2,Credit
595,2025-05-04,1199,2058,404,0.0,2667.0,0,Credit
597,2025-05-04,1138,2096,401,3.0,2688.72,0.16,GiftCard
598,2025-05-04,1139,2027,404,0.0,258.61,0.16,Credit
599,2025-05-04,1188,2083,402,2.0,1229.06,0.09,Cash
600,2025-05-04,1008,2057,403,2.0,699.17,0.05,GiftCard
601,2025-05-04,1022,2056,401,1.0,2361.24,0.12,Cash
602,2025-05-04,1053,2094,403,3.0,493.35,0.08,PayPal
603,2025-05-04,1042,2078,402,1.0,127.81,0.06,PayPal
604,2025-05-04,1052,2007,403,2.0,2333.56,0.02,Cash
605,2025-05-04,1152,2068,402,2.0,656.19,0.15,PayPal
606,2025-05-04,1180,2037,403,2.0,288.11,0.03,GiftCard
607,2025-05-04,1131,2086,401,1.0,2414.07,0.01,Cash
609,2025-05-04,1167,2016,402,1.0,290.72,0.11,Cash
612,2025-05-04,1036,2073,403,3.0,1997.72,0.09,Cash
613,2025-05-04,1096,2057,401,0.0,1310.94,0.09,PayPal
614,2025-05-04,1103,2065,403,2.0,376.27,0.12,Credit
615,2025-05-04,1116,2062,403,0.0,1238.72,0.1,GiftCard
618,2025-05-04,1136,2050,402,3.0,933.9,0.11,GiftCard
619,2025-05-04,1054,2063,403,2.0,441.97,0.07,Cash
620,2025-05-04,1072,2043,402,3.0,4367.25,0.01,GiftCard
621,2025-05-04,1087,2087,401,0.0,637.28,0.2,Credit
622,2025-05-04,1025,2080,404,0.0,3329.04,0.15,PayPal
623,2025-05-04,1031,2020,404,3.0,1127.49,0.06,PayPal
624,2025-05-04,1000,2054,402,1.0,1620.92,0.19,Credit
625,2025-05-04,1166,2038,402,2.0,2223.62,0.05,Credit
626,2025-05-04,1023,2083,403,2.0,1229.06,0.13,Credit
627,2025-05-04,1021,2047,402,0.0,1674.9,0.08,Credit
628,2025-05-04,1101,2080,403,1.0,3745.17,0.15,Cash
629,2025-05-04,1109,2083,401,0.0,768.16,0.06,PayPal
630,2025-05-04,1000,2027,404,0.0,517.22,0.15,PayPal
631,2025-05-04,1033,2075,402,3.0,780.64,0,GiftCard
632,2025-05-04,1002,2001,403,0.0,824.7,0.06,Cash
633,2025-05-04,1108,2088,402,3.0,3546.75,0.18,PayPal
634,2025-05-04,1018,2029,404,0.0,27.02,0.01,Cash
635,2025-05-04,1187,2013,401,2.0,2993.15,0.19,Cash
636,2025-05-04,1094,2038,402,3.0,926.51,0.03,GiftCard
637,2025-05-04,1198,2096,402,1.0,1814.89,0.15,GiftCard
638,2025-05-04,1017,2067,401,1.0,523.71,0.14,Cash
639,2025-05-04,1112,2044,402,1.0,560.47,0.08,Cash
640,2025-05-04,1105,2078,404,1.0,383.43,0.11,Cash
641,2025-05-04,1022,2012,402,0.0,623.19,0.07,PayPal
642,2025-05-04,1150,2093,404,2.0,1814.26,0.05,Cash
643,2025-05-04,1109,2040,402,1.0,31.09,0.11,Credit
644,2025-05-04,1070,2082,401,1.0,719.82,0.05,GiftCard
645,2025-05-04,1141,2076,403,0.0,3224.28,0.18,GiftCard
646,2025-05-04,1168,2038,402,1.0,1667.72,0.18,PayPal
647,2025-05-04,1191,2050,403,0.0,560.34,0.15,PayPal
648,2025-05-04,1005,2030,404,3.0,679.88,0.07,Cash
649,2025-05-04,1028,2030,404,0.0,509.91,0.14,Cash
650,2025-05-04,1135,2001,403,2.0,989.64,0.19,Cash
651,2025-05-04,1033,2049,404,2.0,751.87,0.07,PayPal
653,2025-05-04,1197,2009,401,0.0,265.24,0.03,GiftCard
654,2025-05-04,1003,2033,402,0.0,836.25,0.14,Cash
655,2025-05-04,1015,2050,403,3.0,560.34,0.17,GiftCard
656,2025-05-04,1108,2089,404,0.0,413.52,0.1,Credit
657,2025-05-04,1163,2068,402,2.0,3280.96,0.19,PayPal
658,2025-05-04,1021,2039,401,1.0,878.8,0.15,Credit
659,2025-05-04,1039,2068,403,3.0,2460.72,0.2,Credit
660,2025-05-04,1150,2081,401,2.0,1193.95,0.05,GiftCard
661,2025-05-04,1178,2055,402,0.0,53.94,0.09,PayPal
664,2025-05-04,1170,2094,402,0.0,986.7,0.02,Credit
665,2025-05-04,1003,2090,402,0.0,143.28,0.15,Cash
666,2025-05-04,1041,2063,403,2.0,1325.9,0,Credit
667,2025-05-04,1042,2047,402,2.0,803.95,0.19,Credit
669,2025-05-04,1109,2034,401,2.0,326.81,0.14,Cash
670,2025-05-04,1182,2073,401,3.0,499.43,0.06,Cash
671,2025-05-04,1116,2065,403,0.0,470.34,0.16,Credit
672,2025-05-04,1127,2072,402,2.0,1008.72,0,PayPal
674,2025-05-04,1058,2094,401,0.0,493.35,0.14,Credit
675,2025-05-04,1003,2031,401,3.0,1695.9,0.06,Credit
676,2025-05-04,1093,2049,402,1.0,1691.71,0.06,PayPal
677,2025-05-04,1009,2070,404,1.0,30.76,0.02,GiftCard
678,2025-05-04,1082,2031,404,2.0,452.24,0.14,GiftCard
680,2025-05-04,1128,2086,401,1.0,804.69,0.16,Credit
681,2025-05-04,1057,2066,401,3.0,1548.18,0.1,Credit
682,2025-05-04,1017,2059,403,2.0,409.64,0.05,PayPal
683,2025-05-04,1083,2011,404,0.0,1638.96,0.16,GiftCard
684,2025-05-04,1094,2025,403,2.0,223.7,0.12,GiftCard
685,2025-05-04,1189,2079,402,3.0,3802.16,0.16,PayPal
686,2025-05-04,1094,2075,404,1.0,702.58,0.07,GiftCard
687,2025-05-04,1187,2069,402,1.0,627.45,0,Cash
689,2025-05-04,1138,2044,401,2.0,166.06,0.07,Cash
690,2025-05-04,1000,2097,404,2.0,1347.36,0.18,PayPal
691,2025-05-04,1026,2026,402,3.0,211.56,0.14,PayPal
692,2025-05-04,1125,2007,402,2.0,933.42,0.06,Credit
693,2025-05-04,1023,2005,402,3.0,1286.34,0.09,GiftCard
694,2025-05-04,1179,2047,404,0.0,669.96,0.07,GiftCard
695,2025-05-04,1148,2012,402,3.0,3115.95,0.18,Cash
696,2025-05-04,1019,2075,401,3.0,2341.92,0.05,PayPal
697,2025-05-04,1169,2016,402,2.0,775.25,0.19,Cash
698,2025-05-04,1066,2040,404,2.0,55.26,0.06,GiftCard
699,2025-05-04,1081,2057,403,1.0,393.28,0.18,Credit
700,2025-05-04,1019,2025,402,0.0,559.24,0.16,Cash
701,2025-05-04,1039,2013,402,3.0,4676.8,0.07,Credit
702,2025-05-04,1119,2040,404,0.0,69.08,0.07,PayPal
704,2025-05-04,1078,2059,403,0.0,1536.15,0.17,PayPal
706,2025-05-04,1055,2041,402,0.0,4021.05,0.12,Credit
707,2025-05-04,1182,2031,403,3.0,1695.9,0.04,GiftCard
708,2025-05-04,1131,2006,403,2.0,475.2,0.09,GiftCard
709,2025-05-04,1044,2003,404,3.0,1155.54,0.07,GiftCard
710,2025-05-04,1142,2095,402,0.0,2453.95,0.01,Credit
711,2025-05-04,1118,2013,402,0.0,1870.72,0.07,Cash
712,2025-05-04,1003,2007,402,1.0,1050.1,0.17,Credit
713,2025-05-04,1050,2051,403,0.0,117.32,0.2,Cash
714,2025-05-04,1149,2075,403,0.0,780.64,0.15,Cash
715,2025-05-04,1005,2008,402,3.0,466.13,0.14,Cash
716,2025-05-04,1032,2011,403,0.0,409.74,0.19,Credit
717,2025-05-04,1010,2059,401,1.0,921.69,0.2,Cash
719,2025-05-04,1007,2048,404,1.0,1287.47,0.03,GiftCard
720,2025-05-04,1090,2027,402,2.0,413.78,0.09,GiftCard
721,2025-05-04,1071,2057,402,0.0,1310.94,0.1,GiftCard
722,2025-05-04,1157,2079,402,2.0,2281.3,0.05,GiftCard
723,2025-05-04,1127,2052,404,0.0,2193.78,0.04,GiftCard
724,2025-05-04,1022,2035,404,1.0,1619.98,0.16,Cash
725,2025-05-04,1107,2025,402,0.0,279.62,0.16,Credit
726,2025-05-04,1097,2091,403,3.0,2717.37,0.17,Cash
727,2025-05-04,1139,2062,403,2.0,1486.46,0.11,Credit
728,2025-05-04,1099,2034,402,0.0,408.51,0.06,PayPal
729,2025-05-04,1081,2076,402,0.0,2418.21,0.07,PayPal
730,2025-05-04,1199,2035,401,3.0,2699.97,0.03,Credit
731,2025-05-04,1135,2045,402,1.0,842.78,0.11,Cash
732,2025-05-04,1025,2031,402,2.0,904.48,0.09,GiftCard
734,2025-05-04,1147,2049,403,1.0,3383.42,0.16,PayPal
735,2025-05-04,1045,2030,403,2.0,407.93,0.18,PayPal
736,2025-05-04,1151,2003,403,1.0,693.32,0.13,PayPal
737,2025-05-04,1144,2024,404,2.0,298.25,0.01,Credit
738,2025-05-04,1044,2062,401,0.0,1238.72,0.01,GiftCard
739,2025-05-04,1014,2029,402,0.0,13.51,0.17,GiftCard
740,2025-05-04,1134,2061,401,2.0,639.74,0.16,PayPal
741,2025-05-04,1157,2025,402,2.0,671.09,0.09,GiftCard
742,2025-05-04,1183,2022,403,0.0,2684.72,0.08,GiftCard
743,2025-05-04,1005,2018,402,0.0,542.26,0.04,PayPal
744,2025-05-04,1134,2046,401,2.0,53.49,0.07,Credit
745,2025-05-04,1180,2084,404,0.0,281.85,0.04,Cash
746,2025-05-04,1086,2038,403,1.0,1667.72,0.18,PayPal
747,2025-05-04,1040,2093,404,3.0,755.94,0.11,GiftCard
748,2025-05-04,1166,2040,402,2.0,27.63,0.01,Cash
749,2025-05-04,1057,2085,402,3.0,1452.9,0.15,Credit
751,2025-05-04,1045,2093,401,3.0,2267.82,0.05,Credit
752,2025-05-04,1197,2072,401,1.0,1513.08,0.05,PayPal
753,2025-05-04,1154,2040,402,0.0,69.08,0.11,Credit
755,2025-05-04,1060,2044,403,1.0,934.11,0.19,Cash
756,2025-05-04,1162,2011,403,3.0,1229.22,0.17,GiftCard
757,2025-05-04,1002,2033,402,1.0,3010.5,0.03,Credit
758,2025-05-04,1177,2008,403,2.0,159.82,0.01,GiftCard
759,2025-05-04,1027,2092,401,0.0,482.21,0.11,Cash
760,2025-05-04,1098,2056,404,1.0,944.5,0.12,PayPal
761,2025-05-04,1105,2063,404,2.0,2209.84,0.09,PayPal
762,2025-05-04,1139,2048,401,3.0,357.63,0.01,GiftCard
763,2025-05-04,1147,2083,402,1.0,691.34,0.06,Credit
764,2025-05-04,1115,2009,401,2.0,53.05,0.19,Cash
765,2025-05-04,1005,2040,403,0.0,103.62,0.19,PayPal
766,2025-05-04,1018,2043,402,3.0,2620.35,0.07,Cash
767,2025-05-04,1041,2093,401,0.0,755.94,0.06,PayPal
769,2025-05-04,1110,2083,402,3.0,768.16,0.07,GiftCard
771,2025-05-04,1052,2024,404,2.0,298.25,0.11,PayPal
772,2025-05-04,1169,2036,403,1.0,392.36,0.19,PayPal
774,2025-05-04,1039,2006,403,0.0,198.0,0.2,PayPal
775,2025-05-04,1109,2011,403,3.0,1638.96,0.01,Cash
776,2025-05-04,1051,2012,401,1.0,1121.74,0.12,PayPal
777,2025-05-04,1043,2081,403,0.0,746.22,0.04,Credit
778,2025-05-04,1121,2014,403,3.0,985.2,0.16,PayPal
779,2025-05-04,1120,2062,403,0.0,2477.44,0.12,GiftCard
781,2025-05-04,1094,2048,403,1.0,321.87,0.01,GiftCard
782,2025-05-04,1114,2005,403,3.0,428.78,0.05,Cash
783,2025-05-04,1119,2033,402,2.0,1338.0,0.03,PayPal
784,2025-05-04,1144,2007,402,0.0,1166.78,0.06,Cash
786,2025-05-04,1193,2075,402,0.0,1561.28,0.09,Cash
788,2025-05-04,1146,2030,404,2.0,543.9,0.07,PayPal
789,2025-05-04,1020,2050,401,1.0,168.1,0.17,Credit
790,2025-05-04,1030,2096,404,1.0,3024.81,0.05,Credit
791,2025-05-04,1042,2027,402,1.0,232.75,0.12,PayPal
792,2025-05-04,1010,2054,401,3.0,900.51,0.17,Credit
794,2025-05-04,1081,2093,401,0.0,755.94,0,GiftCard
795,2025-05-04,1099,2071,404,2.0,984.26,0.04,PayPal
797,2025-05-04,1179,2079,404,0.0,2851.62,0.19,GiftCard
798,2025-05-04,1106,2019,402,0.0,3735.72,0.03,Credit
799,2025-05-04,1027,2072,401,2.0,672.48,0.2,Credit
800,2025-05-04,1137,2044,404,2.0,830.32,0.09,Cash
801,2025-05-04,1098,2083,404,3.0,2304.48,0.07,Credit
802,2025-05-04,1009,2022,403,3.0,2684.72,0.07,Credit
803,2025-05-04,1036,2079,404,0.0,950.54,0.15,GiftCard
804,2025-05-04,1101,2042,402,0.0,335.22,0.07,GiftCard
806,2025-05-04,1005,2043,403,2.0,2096.28,0.03,GiftCard
807,2025-05-04,1071,2062,401,1.0,557.42,0.04,GiftCard
808,2025-05-04,1034,2038,404,2.0,2223.62,0.17,Credit
809,2025-05-04,1068,2093,404,0.0,2267.82,0.06,GiftCard
810,2025-05-04,1048,2056,402,3.0,524.72,0.2,PayPal
811,2025-05-04,1189,2062,403,0.0,1858.08,0.07,Cash
813,2025-05-04,1181,2064,404,1.0,264.64,0.06,GiftCard
815,2025-05-04,1049,2025,401,1.0,503.32,0.18,Credit
816,2025-05-04,1008,2058,401,2.0,533.4,0.02,Credit
817,2025-05-04,1180,2025,403,2.0,894.78,0.16,GiftCard
818,2025-05-04,1118,2064,404,0.0,882.12,0.08,Cash
819,2025-05-04,1174,2003,402,2.0,308.14,0.06,Credit
820,2025-05-04,1125,2076,404,1.0,725.46,0.11,Cash
821,2025-05-04,1121,2075,403,2.0,2498.05,0.04,Cash
822,2025-05-04,1041,2033,401,2.0,669.0,0.03,Credit
823,2025-05-04,1007,2049,401,1.0,845.86,0.01,Cash
824,2025-05-04,1146,2099,402,1.0,581.69,0.03,PayPal
825,2025-05-04,1165,2028,402,2.0,1531.06,0.2,GiftCard
826,2025-05-04,1166,2052,401,0.0,731.26,0.15,Cash
827,2025-05-04,1121,2016,402,0.0,646.04,0.09,GiftCard
828,2025-05-04,1057,2032,403,2.0,3782.4,0.14,Credit
829,2025-05-04,1108,2048,403,3.0,357.63,0.11,Credit
830,2025-05-04,1064,2027,404,2.0,413.78,0.2,Cash
831,2025-05-04,1173,2066,404,0.0,2580.3,0.19,Credit
832,2025-05-04,1001,2065,403,2.0,376.27,0.17,Credit
833,2025-05-04,1076,2087,401,3.0,796.6,0.04,GiftCard
834,2025-05-04,1016,2043,403,2.0,2795.04,0.06,PayPal
835,2025-05-04,1070,2033,403,1.0,752.62,0.2,GiftCard
836,2025-05-04,1038,2066,402,0.0,1032.12,0.14,Credit
837,2025-05-04,1153,2051,403,1.0,316.76,0.06,Credit
838,2025-05-04,1184,2003,404,2.0,1848.86,0.05,Credit
840,2025-05-04,1188,2004,402,2.0,2967.2,0.03,GiftCard
841,2025-05-04,1185,2091,402,3.0,3623.16,0.06,Cash
842,2025-05-04,1171,2045,403,1.0,280.93,0.2,GiftCard
843,2025-05-04,1168,2071,402,2.0,1968.51,0.11,PayPal
844,2025-05-04,1024,2060,402,2.0,326.7,0.04,Credit
845,2025-05-04,1185,2071,402,2.0,984.26,0.08,PayPal
846,2025-05-04,1167,2011,402,2.0,327.79,0.07,GiftCard
847,2025-05-04,1057,2095,403,3.0,2453.95,0.11,Cash
848,2025-05-04,1084,2047,403,2.0,803.95,0.13,PayPal
849,2025-05-04,1118,2015,404,0.0,4049.82,0.11,Cash
850,2025-05-04,1162,2074,401,3.0,659.5,0.04,Cash
851,2025-05-04,1049,2064,401,3.0,882.12,0.13,PayPal
852,2025-05-04,1135,2038,404,0.0,926.51,0.17,PayPal
853,2025-05-04,1038,2017,402,2.0,741.92,0.08,Credit
854,2025-05-04,1104,2072,404,1.0,1134.81,0.18,Credit
855,2025-05-04,1080,2091,402,0.0,2717.37,0.03,GiftCard
857,2025-05-04,1162,2007,401,3.0,583.39,0.11,GiftCard
858,2025-05-04,1070,2026,402,1.0,190.4,0.19,GiftCard
859,2025-05-04,1125,2097,401,1.0,3031.56,0.2,GiftCard
860,2025-05-04,1157,2055,404,3.0,53.94,0.12,Cash
861,2025-05-04,1109,2061,404,0.0,799.68,0.11,Cash
863,2025-05-04,1003,2041,402,0.0,2412.63,0.08,GiftCard
864,2025-05-04,1173,2000,402,1.0,872.38,0.03,Cash
865,2025-05-04,1177,2044,403,1.0,373.64,0.09,PayPal
866,2025-05-04,1026,2049,403,1.0,3383.42,0.15,Credit
867,2025-05-04,1016,2005,403,2.0,686.05,0,Cash
868,2025-05-04,1116,2093,403,3.0,755.94,0.03,Cash
869,2025-05-04,1175,2017,403,3.0,463.7,0.12,PayPal
870,2025-05-04,1091,2096,402,1.0,1209.92,0.02,Credit
871,2025-05-04,1103,2002,402,1.0,779.4,0.19,PayPal
872,2025-05-04,1186,2016,402,0.0,646.04,0.13,Credit
873,2025-05-04,1150,2064,402,0.0,294.04,0.17,Cash
874,2025-05-04,1093,2091,401,3.0,2717.37,0.18,PayPal
876,2025-05-04,1169,2013,401,0.0,935.36,0.09,Cash
877,2025-05-04,1176,2014,404,3.0,1231.5,0.2,Credit
878,2025-05-04,1097,2015,403,3.0,2699.88,0.19,Cash
879,2025-05-04,1179,2019,402,0.0,1867.86,0.08,Cash
880,2025-05-04,1077,2053,401,2.0,976.24,0.02,GiftCard
881,2025-05-04,1159,2077,402,3.0,561.83,0.11,Cash
882,2025-05-04,1026,2065,401,2.0,1881.36,0.06,PayPal
884,2025-05-04,1155,2025,403,1.0,503.32,0.04,GiftCard
885,2025-05-04,1091,2090,404,2.0,171.94,0.14,Cash
886,2025-05-04,1041,2005,404,1.0,385.9,0.13,GiftCard
887,2025-05-04,1176,2061,403,1.0,359.86,0.05,GiftCard
888,2025-05-04,1000,2001,401,0.0,1649.4,0.15,PayPal
889,2025-05-04,1146,2085,404,1.0,653.81,0.2,GiftCard
890,2025-05-04,1023,2099,401,0.0,1292.64,0.2,Credit
891,2025-05-04,1065,2082,402,3.0,266.6,0.09,Cash
892,2025-05-04,1075,2033,404,0.0,2508.75,0.15,Cash
893,2025-05-04,1025,2022,401,2.0,1073.89,0.1,GiftCard
894,2025-05-04,1092,2086,403,3.0,894.1,0.13,Cash
897,2025-05-04,1091,2056,403,0.0,1049.44,0.17,GiftCard
899,2025-05-04,1102,2051,404,2.0,93.86,0.09,GiftCard
902,2025-05-04,1178,2092,401,1.0,867.98,0.07,PayPal
903,2025-05-04,1026,2053,404,3.0,1830.45,0.06,Cash
904,2025-05-04,1046,2078,404,2.0,454.43,0,PayPal
905,2025-05-04,1156,2003,402,3.0,1925.9,0.2,GiftCard
907,2025-05-04,1011,2008,403,2.0,106.54,0,Credit
908,2025-05-04,1003,2090,402,2.0,57.31,0.05,Credit
909,2025-05-04,1132,2066,401,3.0,1548.18,0.16,Cash
910,2025-05-04,1169,2093,402,3.0,755.94,0.12,GiftCard
912,2025-05-04,1142,2078,401,0.0,568.04,0.06,PayPal
913,2025-05-04,1164,2020,404,3.0,1879.15,0.02,Cash
914,2025-05-04,1042,2009,404,2.0,53.05,0.14,PayPal
915,2025-05-04,1061,2042,403,0.0,167.61,0.02,Credit
916,2025-05-04,1129,2028,404,3.0,2551.76,0.05,GiftCard
917,2025-05-04,1060,2010,404,3.0,544.88,0.14,GiftCard
918,2025-05-04,1146,2057,401,3.0,436.98,0.12,PayPal
919,2025-05-04,1114,2040,401,3.0,34.54,0.07,Cash
920,2025-05-04,1190,2083,401,0.0,2304.48,0.01,PayPal
921,2025-05-04,1103,2052,401,0.0,2193.78,0.16,Credit
922,2025-05-04,1023,2077,403,1.0,505.65,0.03,Credit
923,2025-05-04,1167,2085,404,2.0,387.44,0.07,GiftCard
924,2025-05-04,1093,2006,402,3.0,594.0,0.03,PayPal
925,2025-05-04,1084,2071,404,2.0,492.13,0.11,PayPal
926,2025-05-04,1183,2057,401,0.0,873.96,0.09,GiftCard
927,2025-05-04,1194,2084,402,0.0,563.7,0.14,Credit
928,2025-05-04,1087,2045,403,2.0,499.42,0.2,PayPal
929,2025-05-04,1179,2013,401,1.0,1683.65,0.05,Cash
930,2025-05-04,1126,2017,404,0.0,927.4,0.01,PayPal
931,2025-05-04,1065,2078,402,1.0,127.81,0.08,Cash
932,2025-05-04,1030,2050,402,3.0,186.78,0,Cash
933,2025-05-04,1005,2024,403,0.0,621.35,0.19,Cash
934,2025-05-04,1193,2053,401,0.0,1830.45,0.17,Cash
935,2025-05-04,1197,2057,404,1.0,1179.85,0.2,Credit
936,2025-05-04,1127,2000,401,3.0,969.31,0.09,Cash
937,2025-05-04,1149,2061,402,1.0,359.86,0.04,PayPal
938,2025-05-04,1187,2016,401,3.0,2584.16,0.1,PayPal
939,2025-05-04,1168,2076,403,3.0,2418.21,0.01,PayPal
940,2025-05-04,1107,2077,402,2.0,898.93,0.15,Credit
941,2025-05-04,1101,2043,403,3.0,3493.8,0.05,GiftCard
943,2025-05-04,1179,2070,403,1.0,61.52,0.18,Cash
944,2025-05-04,1051,2026,403,2.0,338.5,0.2,Cash
945,2025-05-04,1172,2016,402,2.0,516.83,0.2,GiftCard
946,2025-05-04,1181,2014,403,3.0,246.3,0.08,Cash
947,2025-05-04,1149,2073,404,2.0,799.09,0.07,Credit
948,2025-05-04,1108,2001,401,0.0,412.35,0.17,Credit
949,2025-05-04,1097,2018,401,0.0,1084.52,0.09,PayPal
950,2025-05-04,1051,2034,402,2.0,217.87,0.06,Credit
951,2025-05-04,1174,2032,402,0.0,4728.0,0.08,PayPal
952,2025-05-04,1176,2037,402,0.0,720.28,0.17,Cash
953,2025-05-04,1091,2057,401,1.0,786.56,0.19,Credit
954,2025-05-04,1190,2082,404,1.0,239.94,0,PayPal
955,2025-05-04,1130,2089,403,0.0,413.52,0,PayPal
958,2025-05-04,1051,2079,404,1.0,1710.97,0.09,Cash
959,2025-05-04,1162,2090,403,1.0,257.9,0.18,Credit
960,2025-05-04,1198,2092,402,2.0,771.54,0.05,Credit
961,2025-05-04,1114,2022,401,1.0,3020.31,0.01,GiftCard
962,2025-05-04,1044,2094,401,3.0,493.35,0.1,PayPal
963,2025-05-04,1010,2054,403,2.0,720.41,0.08,GiftCard
964,2025-05-04,1033,2020,403,0.0,751.66,0.07,Cash
967,2025-05-04,1125,2073,403,0.0,1997.72,0.17,PayPal
968,2025-05-04,1005,2090,403,1.0,193.43,0.17,PayPal
969,2025-05-04,1047,2066,401,1.0,464.45,0.16,Cash
970,2025-05-04,1106,2069,404,0.0,464.78,0.1,GiftCard
973,2025-05-04,1192,2079,404,0.0,950.54,0.17,Credit
974,2025-05-04,1029,2085,403,3.0,726.45,0.01,GiftCard
975,2025-05-04,1061,2082,402,0.0,533.2,0.19,PayPal
976,2025-05-04,1174,2041,404,0.0,804.21,0.09,Credit
978,2025-05-04,1132,2098,403,3.0,3631.44,0.07,PayPal
979,2025-05-04,1124,2005,403,1.0,1157.71,0.1,PayPal
980,2025-05-04,1082,2065,401,0.0,1411.02,0.1,GiftCard
981,2025-05-04,1042,2098,401,0.0,4539.3,0.16,GiftCard
982,2025-05-04,1053,2085,402,3.0,726.45,0.12,GiftCard
983,2025-05-04,1026,2026,404,0.0,423.12,0.05,PayPal
984,2025-05-04,1191,2087,402,0.0,477.96,0.09,PayPal
985,2025-05-04,1117,2091,403,0.0,1811.58,0.18,PayPal
986,2025-05-04,1022,2009,401,1.0,119.36,0.18,Cash
987,2025-05-04,1064,2071,401,1.0,1107.29,0.12,Credit
988,2025-05-04,1066,2052,404,3.0,5118.82,0.03,Cash
989,2025-05-04,1161,2051,404,2.0,375.42,0.11,GiftCard
990,2025-05-04,1004,2049,401,0.0,939.84,0.16,Credit
991,2025-05-04,1164,2092,401,0.0,2893.26,0.2,Cash
992,2025-05-04,1179,2009,403,0.0,66.31,0.2,PayPal
993,2025-05-04,1074,2087,403,0.0,477.96,0.09,GiftCard
994,2025-05-04,1072,2097,404,3.0,842.1,0.13,Cash
995,2025-05-04,1101,2084,401,3.0,1127.4,0.12,Credit
996,2025-05-04,1040,2068,402,1.0,2952.86,0.1,PayPal
997,2025-05-04,1191,2050,403,1.0,504.31,0.03,Credit
998,2025-05-04,1076,2086,403,0.0,2682.3,0.19,PayPal
999,2025-05-04,1141,2071,402,0.0,1230.32,0.07,GiftCard
1000,2025-05-04,1010,2000,404,0.0,3877.24,0.15,PayPal
1001,2025-05-04,1078,2026,403,1.0,761.62,0.13,Cash
1002,2025-05-04,1105,2082,402,1.0,239.94,0.12,PayPal
1003,2025-05-04,1047,2028,403,1.0,1148.29,0.05,Credit
1004,2025-05-04,1029,2023,401,3.0,2818.62,0.06,PayPal
1005,2025-05-04,1165,2070,401,2.0,54.69,0.18,GiftCard
1006,2025-05-04,1171,2008,403,0.0,133.18,0.06,PayPal
1007,2025-05-04,1050,2092,404,2.0,771.54,0.03,GiftCard
1008,2025-05-04,1091,2016,402,0.0,1292.08,0.03,Credit
1009,2025-05-04,1072,2079,401,1.0,855.49,0.12,Credit
1010,2025-05-04,1081,2062,404,2.0,495.49,0.07,PayPal
1011,2025-05-04,1157,2084,403,1.0,253.67,0.16,GiftCard
1012,2025-05-04,1144,2072,403,2.0,672.48,0.1,Cash
1013,2025-05-04,1109,2021,401,2.0,668.33,0.1,PayPal
1014,2025-05-04,1063,2028,404,2.0,510.35,0.07,GiftCard
1015,2025-05-04,1092,2017,403,3.0,1854.8,0.07,Credit
1016,2025-05-04,1118,2057,403,2.0,699.17,0.19,Credit
1017,2025-05-04,1124,2070,401,1.0,30.76,0.03,PayPal
1018,2025-05-04,1165,2077,401,2.0,449.46,0.07,Cash
1019,2025-05-04,1035,2068,402,2.0,1968.58,0.18,Credit
1021,2025-05-04,1004,2064,401,3.0,882.12,0.14,PayPal
1022,2025-05-04,1196,2075,402,0.0,2341.92,0.04,Credit
1024,2025-05-04,1093,2050,402,2.0,448.27,0.05,Credit
1025,2025-05-04,1034,2059,401,3.0,1536.15,0.08,PayPal
1026,2025-05-04,1093,2064,401,1.0,793.91,0.14,Cash
1027,2025-05-04,1157,2087,402,1.0,286.78,0.16,Credit
1028,2025-05-04,1114,2020,402,1.0,676.49,0.07,Cash
1029,2025-05-04,1188,2093,404,2.0,1814.26,0.18,Cash
1030,2025-05-04,1010,2028,404,1.0,1148.29,0,Cash
1031,2025-05-04,1016,2033,403,1.0,2257.88,0.19,GiftCard
1032,2025-05-04,1010,2085,402,2.0,387.44,0.06,PayPal
1034,2025-05-04,1010,2083,403,0.0,768.16,0.12,GiftCard
1035,2025-05-04,1180,2066,403,2.0,1238.54,0.17,Cash
1036,2025-05-04,1148,2069,402,3.0,697.17,0.1,Cash
1037,2025-05-04,1167,2048,403,0.0,1072.89,0,Credit
1038,2025-05-04,1132,2032,404,1.0,851.04,0.2,GiftCard
1039,2025-05-04,1132,2051,403,2.0,187.71,0.07,Credit
1041,2025-05-04,1112,2021,402,0.0,835.41,0.05,Cash
1042,2025-05-04,1131,2082,403,1.0,239.94,0,Credit
1044,2025-05-04,1154,2091,401,1.0,3260.84,0.08,PayPal
1045,2025-05-04,1106,2042,401,3.0,1173.27,0.08,PayPal
1046,2025-05-04,1172,2061,404,1.0,719.71,0.07,Cash
1047,2025-05-04,1151,2020,404,0.0,1127.49,0.06,Cash
1048,2025-05-04,1062,2005,402,1.0,385.9,0.16,Cash
1049,2025-05-04,1034,2080,401,1.0,2996.14,0.2,Cash
1050,2025-05-04,1014,2021,403,1.0,1503.74,0.05,GiftCard
1051,2025-05-04,1132,2051,401,2.0,281.57,0.15,Cash
1052,2025-05-04,1021,2027,404,3.0,775.83,0.15,GiftCard
1054,2025-05-04,1153,2018,402,2.0,867.62,0.16,Cash
1055,2025-05-04,1042,2092,403,3.0,1446.63,0.2,PayPal
1056,2025-05-04,1152,2075,401,1.0,2107.73,0.05,PayPal
1057,2025-05-04,1096,2049,402,0.0,939.84,0.18,GiftCard
1059,2025-05-04,1155,2012,402,3.0,623.19,0.2,PayPal
1060,2025-05-04,1157,2076,401,0.0,2418.21,0.17,GiftCard
1061,2025-05-04,1023,2061,402,0.0,199.92,0.14,Credit
1062,2025-05-04,1198,2086,404,3.0,894.1,0.14,Cash
1063,2025-05-04,1094,2005,404,1.0,771.8,0.07,Credit
1064,2025-05-04,1123,2098,404,2.0,3631.44,0.14,GiftCard
1065,2025-05-04,1150,2094,401,3.0,2466.75,0.16,Cash
1066,2025-05-04,1034,2032,404,1.0,1702.08,0.16,PayPal
1067,2025-05-04,1021,2036,404,2.0,348.77,0.08,Credit
1068,2025-05-04,1048,2000,401,0.0,4846.55,0.11,GiftCard
1069,2025-05-04,1133,2000,404,1.0,872.38,0.09,GiftCard
1070,2025-05-04,1176,2040,404,2.0,55.26,0.15,Cash
1071,2025-05-04,1027,2019,404,2.0,747.14,0.12,PayPal
1072,2025-05-04,1066,2068,404,2.0,1968.58,0.17,PayPal
1075,2025-05-04,1094,2071,404,2.0,984.26,0.02,Credit
1076,2025-05-04,1078,2073,403,3.0,499.43,0,Cash
1077,2025-05-04,1188,2017,401,1.0,417.33,0.16,PayPal
1078,2025-05-04,1114,2089,402,0.0,827.04,0.12,PayPal
1079,2025-05-04,1054,2065,404,2.0,376.27,0.1,Cash
1080,2025-05-04,1140,2078,401,1.0,255.62,0.08,Cash
1081,2025-05-04,1099,2081,401,0.0,1492.44,0.02,Cash
1082,2025-05-04,1037,2060,404,0.0,1225.14,0.02,Credit
1083,2025-05-04,1016,2033,402,2.0,2007.0,0.11,Cash
1084,2025-05-04,1020,2077,401,3.0,561.83,0.1,GiftCard
1085,2025-05-04,1102,2078,403,0.0,142.01,0.04,PayPal
1086,2025-05-04,1198,2022,404,3.0,671.18,0.08,Cash
1087,2025-05-04,1002,2025,403,1.0,503.32,0.04,Cash
1088,2025-05-04,1008,2076,402,1.0,1450.93,0.17,Credit
1089,2025-05-04,1172,2004,403,1.0,834.52,0,Cash
1090,2025-05-04,1167,2000,402,0.0,969.31,0.05,Credit
1091,2025-05-04,1070,2099,404,2.0,1551.17,0.01,GiftCard
1092,2025-05-04,1171,2050,404,1.0,168.1,0.19,Cash
1093,2025-05-04,1132,2001,401,0.0,2061.75,0.14,Credit
1094,2025-05-04,1140,2036,403,2.0,348.77,0.2,Credit
1095,2025-05-04,1070,2028,402,3.0,2551.76,0.1,Credit
1097,2025-05-04,1044,2052,401,0.0,2193.78,0.01,Credit
1099,2025-05-04,1131,2032,403,3.0,4728.0,0.18,Cash
1100,2025-05-04,1096,2072,404,1.0,378.27,0,Cash
1101,2025-05-04,1193,2043,404,3.0,2620.35,0.15,Credit
1102,2025-05-04,1150,2003,404,0.0,1155.54,0.03,PayPal
1103,2025-05-04,1066,2008,404,1.0,59.93,0.12,GiftCard
1105,2025-05-04,1105,2045,401,2.0,499.42,0.19,Credit
1106,2025-05-04,1063,2036,401,3.0,653.94,0.09,Cash
1107,2025-05-04,1172,2095,403,0.0,981.58,0.12,GiftCard
1109,2025-05-04,1090,2027,403,1.0,698.25,0.01,PayPal
1110,2025-05-04,1191,2087,402,3.0,955.92,0.02,Cash
1111,2025-05-04,1188,2025,402,1.0,251.66,0,Cash
1112,2025-05-04,1067,2026,402,1.0,380.81,0.2,GiftCard
1113,2025-05-04,1063,2079,403,1.0,1710.97,0.11,Cash
1114,2025-05-04,1199,2013,401,0.0,5612.16,0.02,PayPal
1115,2025-05-04,1173,2084,404,0.0,281.85,0.07,Credit
1116,2025-05-04,1195,2069,401,3.0,697.17,0.14,Credit
1117,2025-05-04,1095,2079,403,3.0,950.54,0.11,Credit
1118,2025-05-04,1147,2035,404,1.0,809.99,0.1,PayPal
1119,2025-05-04,1195,2065,403,3.0,1411.02,0.03,Credit
1121,2025-05-04,1134,2054,404,0.0,3602.04,0.03,Credit
1122,2025-05-04,1128,2044,404,1.0,373.64,0.12,GiftCard
1123,2025-05-04,1117,2015,404,2.0,1619.93,0.09,Credit
1124,2025-05-04,1176,2001,401,1.0,371.12,0.13,Credit
1125,2025-05-04,1097,2074,401,2.0,527.6,0.04,GiftCard
1126,2025-05-04,1092,2078,403,1.0,383.43,0.13,Cash
1127,2025-05-04,1140,2033,402,2.0,1338.0,0.1,PayPal
1128,2025-05-04,1120,2078,403,2.0,227.22,0.2,Credit
1130,2025-05-04,1107,2089,403,2.0,330.82,0.16,Credit
1131,2025-05-04,1102,2035,404,1.0,1619.98,0.2,PayPal
1133,2025-05-04,1184,2034,402,3.0,680.85,0.09,PayPal
1134,2025-05-04,1097,2025,402,1.0,1258.29,0.18,Credit
1137,2025-05-04,1076,2032,401,3.0,6619.2,0.18,PayPal
1139,2025-05-04,1055,2032,404,0.0,945.6,0.07,GiftCard
1141,2025-05-04,1092,2046,403,2.0,80.23,0.08,Cash
1142,2025-05-04,1005,2052,401,2.0,1170.02,0.17,PayPal
1143,2025-05-04,1173,2077,402,1.0,1516.94,0.04,PayPal
1144,2025-05-04,1199,2036,403,2.0,871.92,0.15,Cash
1145,2025-05-04,1172,2065,404,3.0,2822.04,0,Cash
1146,2025-05-04,1020,2048,403,3.0,1072.89,0.02,Credit
1147,2025-05-04,1161,2018,402,2.0,1301.42,0.01,Credit
1148,2025-05-04,1107,2080,404,0.0,4993.56,0.08,Cash
1149,2025-05-04,1020,2020,403,1.0,1014.74,0.14,Credit
1150,2025-05-04,1080,2040,403,2.0,55.26,0.19,GiftCard
1151,2025-05-04,1154,2082,404,2.0,639.84,0.01,Credit
1152,2025-05-04,1113,2099,403,3.0,646.32,0.16,Credit
1153,2025-05-04,1105,2021,402,0.0,835.41,0,GiftCard
1154,2025-05-04,1032,2093,402,2.0,2419.01,0.11,Credit
1156,2025-05-04,1042,2050,401,0.0,1120.68,0.06,Credit
1157,2025-05-04,1016,2060,401,0.0,816.76,0.15,GiftCard
1158,2025-05-04,1197,2050,401,0.0,560.34,0.1,GiftCard
1159,2025-05-04,1067,2079,402,0.0,1901.08,0.09,Credit
1161,2025-05-04,1063,2094,403,3.0,493.35,0.11,Credit
1162,2025-05-04,1160,2016,402,1.0,1162.87,0.14,GiftCard
1163,2025-05-04,1007,2004,403,2.0,2225.4,0.09,Credit
1164,2025-05-04,1121,2059,403,3.0,2048.2,0.06,Cash
1165,2025-05-04,1034,2089,402,3.0,2481.12,0.16,GiftCard
1166,2025-05-04,1161,2095,404,2.0,392.63,0.03,Cash
1167,2025-05-04,1088,2061,402,0.0,799.68,0.15,GiftCard
1168,2025-05-04,1113,2039,403,3.0,976.44,0.01,Credit
1169,2025-05-04,1066,2019,403,0.0,933.93,0.18,Cash
1170,2025-05-04,1000,2066,402,2.0,412.85,0.17,PayPal
1172,2025-05-04,1193,2061,403,0.0,199.92,0.13,Cash
1173,2025-05-04,1196,2055,403,1.0,194.18,0.18,PayPal
1174,2025-05-04,1001,2070,403,1.0,61.52,0.16,GiftCard
1175,2025-05-04,1105,2071,404,3.0,615.16,0.02,Credit
1176,2025-05-04,1063,2020,404,3.0,375.83,0.04,GiftCard
1177,2025-05-04,1056,2033,401,3.0,836.25,0.05,Cash
1178,2025-05-04,1160,2030,403,2.0,271.95,0.08,Credit
1179,2025-05-04,1166,2095,403,3.0,1472.37,0.15,Credit
1181,2025-05-04,1074,2014,404,3.0,738.9,0.19,Cash
1182,2025-05-04,1069,2089,404,1.0,372.17,0.19,GiftCard
1183,2025-05-04,1082,2002,402,0.0,1732.0,0.04,GiftCard
1184,2025-05-04,1136,2002,402,0.0,1732.0,0.19,PayPal
1186,2025-05-04,1186,2001,402,0.0,824.7,0.19,Cash
1188,2025-05-04,1087,2053,403,3.0,2440.6,0.15,Credit
1189,2025-05-04,1095,2059,401,2.0,1638.56,0.11,PayPal
1190,2025-05-04,1020,2096,402,0.0,2688.72,0.16,GiftCard
1191,2025-05-04,1068,2099,404,0.0,1938.96,0.14,Credit
1192,2025-05-04,1139,2060,402,1.0,1102.63,0,Cash
1193,2025-05-04,1064,2048,401,0.0,715.26,0.05,PayPal
1195,2025-05-04,1197,2056,402,0.0,1049.44,0.14,GiftCard
1196,2025-05-04,1050,2058,401,1.0,1800.22,0.1,Credit
1197,2025-05-04,1121,2049,403,2.0,751.87,0.01,Cash
1198,2025-05-04,1040,2080,401,0.0,1664.52,0.06,PayPal
1199,2025-05-04,1064,2061,403,1.0,179.93,0.15,Cash
1200,2025-05-04,1092,2006,402,0.0,198.0,0.11,Cash
1201,2025-05-04,1060,2081,404,2.0,1193.95,0.05,PayPal
1202,2025-05-04,1003,2021,403,0.0,2506.23,0.02,Credit
1203,2025-05-04,1101,2031,401,0.0,1130.6,0.2,PayPal
1205,2025-05-04,1095,2098,401,1.0,2451.22,0.19,PayPal
1206,2025-05-04,1040,2063,401,2.0,883.94,0.07,GiftCard
1207,2025-05-04,1194,2080,401,0.0,1664.52,0.18,GiftCard
1209,2025-05-04,1032,2062,402,2.0,1981.95,0.18,GiftCard
1210,2025-05-04,1142,2082,403,3.0,799.8,0.02,GiftCard
1211,2025-05-04,1187,2024,401,3.0,372.81,0.12,Cash
1212,2025-05-04,1091,2092,402,2.0,385.77,0.16,Cash
1213,2025-05-04,1010,2062,404,2.0,990.98,0.17,Credit
1214,2025-05-04,1138,2089,404,1.0,744.34,0.14,GiftCard
1215,2025-05-04,1145,2023,403,2.0,1503.26,0.15,Cash
1216,2025-05-04,1187,2059,403,1.0,1843.38,0.08,PayPal
1218,2025-05-04,1075,2033,403,3.0,836.25,0.17,GiftCard
1219,2025-05-04,1000,2099,404,1.0,2326.75,0.04,Cash
1222,2025-05-04,1048,2067,404,1.0,785.56,0.04,Cash
1224,2025-05-04,1164,2041,401,0.0,804.21,0.06,PayPal
1226,2025-05-04,1033,2022,401,1.0,604.06,0.08,Credit
1227,2025-05-04,1027,2062,402,0.0,1238.72,0.02,PayPal
1228,2025-05-04,1008,2073,404,3.0,1498.29,0.07,PayPal
1229,2025-05-04,1134,2079,403,0.0,950.54,0.14,Cash
1230,2025-05-04,1093,2028,401,0.0,1275.88,0.1,GiftCard
1231,2025-05-04,1053,2083,404,0.0,2304.48,0.06,PayPal
1233,2025-05-04,1142,2095,404,2.0,1177.9,0.15,Credit
1234,2025-05-04,1181,2007,403,0.0,583.39,0.06,Credit
1235,2025-05-04,1187,2009,403,0.0,265.24,0.11,Credit
1236,2025-05-04,1055,2066,401,0.0,2580.3,0.2,Cash
1237,2025-05-04,1185,2029,404,1.0,12.16,0.1,Cash
1238,2025-05-04,1049,2067,402,1.0,261.86,0.09,GiftCard
1239,2025-05-04,1142,2095,404,0.0,1963.16,0.05,GiftCard
1240,2025-05-04,1196,2081,403,3.0,746.22,0.13,Cash
1241,2025-05-04,1179,2085,404,0.0,242.15,0.2,GiftCard
1242,2025-05-04,1042,2023,404,2.0,2254.9,0.13,GiftCard
1243,2025-05-04,1168,2020,404,2.0,601.33,0.16,Cash
1245,2025-05-04,1105,2097,404,2.0,673.68,0.19,Credit
1246,2025-05-04,1155,2030,402,3.0,509.91,0.07,PayPal
1247,2025-05-04,1196,2070,403,2.0,27.34,0.09,PayPal
1248,2025-05-04,1115,2057,404,0.0,1747.92,0.06,Cash
1249,2025-05-04,1185,2004,403,0.0,2781.75,0.07,GiftCard
1251,2025-05-04,1076,2028,402,2.0,1020.7,0.2,GiftCard
1252,2025-05-04,1005,2098,403,1.0,3268.3,0.18,GiftCard
1253,2025-05-04,1024,2004,404,2.0,1483.6,0.04,Cash
1254,2025-05-04,1039,2017,403,2.0,370.96,0.18,Credit
1255,2025-05-04,1149,2031,402,2.0,904.48,0.04,Cash
1256,2025-05-04,1076,2011,404,1.0,737.53,0.12,Cash
1257,2025-05-04,1187,2009,403,3.0,198.93,0.14,Credit
1258,2025-05-04,1044,2062,401,2.0,495.49,0.06,PayPal
1260,2025-05-04,1199,2007,403,2.0,1400.14,0.14,PayPal
1261,2025-05-04,1111,2053,401,1.0,3294.81,0.2,Credit
1262,2025-05-04,1191,2083,401,3.0,768.16,0.12,Credit
1263,2025-05-04,1013,2039,401,2.0,1562.3,0.12,PayPal
1264,2025-05-04,1138,2072,402,2.0,672.48,0.01,GiftCard
1265,2025-05-04,1128,2089,402,1.0,744.34,0.01,Cash
1266,2025-05-04,1012,2086,404,3.0,2682.3,0.19,GiftCard
1267,2025-05-04,1192,2076,401,1.0,1450.93,0.14,GiftCard
1268,2025-05-04,1110,2037,404,1.0,324.13,0.16,Credit
1269,2025-05-04,1033,2043,401,3.0,4367.25,0.19,GiftCard
1270,2025-05-04,1146,2095,401,3.0,1963.16,0,Cash
1272,2025-05-04,1198,2089,402,1.0,744.34,0.18,Credit
1273,2025-05-04,1123,2071,402,3.0,1845.48,0.16,GiftCard
1274,2025-05-04,1101,2083,402,1.0,2074.03,0.15,PayPal
1275,2025-05-04,1062,2009,403,3.0,66.31,0.13,GiftCard
1276,2025-05-04,1082,2087,401,0.0,318.64,0.15,Credit
1278,2025-05-04,1089,2024,403,2.0,298.25,0.04,PayPal
1279,2025-05-04,1152,2083,401,2.0,1843.58,0.09,GiftCard
1280,2025-05-04,1043,2044,404,1.0,373.64,0.16,PayPal
1282,2025-05-04,1175,2047,402,0.0,1004.94,0.01,PayPal
1283,2025-05-04,1028,2094,401,1.0,888.03,0.01,Credit
1284,2025-05-04,1158,2018,403,0.0,2169.04,0.06,GiftCard
1285,2025-05-04,1087,2088,401,2.0,567.48,0.12,GiftCard
1286,2025-05-04,1115,2060,401,2.0,980.11,0.15,PayPal
1287,2025-05-04,1053,2094,402,1.0,888.03,0.2,Credit
1288,2025-05-04,1139,2066,403,3.0,2580.3,0.11,GiftCard
1290,2025-05-04,1096,2074,401,2.0,1055.2,0.09,PayPal
1291,2025-05-04,1043,2007,403,1.0,525.05,0.16,PayPal
1292,2025-05-04,1178,2079,403,0.0,950.54,0.09,GiftCard
1293,2025-05-04,1119,2083,401,0.0,768.16,0.18,PayPal
1295,2025-05-04,1027,2002,403,3.0,866.0,0.09,Cash
1296,2025-05-04,1059,2048,401,2.0,572.21,0.2,PayPal
1297,2025-05-04,1124,2076,401,1.0,2176.39,0.15,GiftCard
1298,2025-05-04,1050,2064,404,0.0,1470.2,0.08,Cash
1299,2025-05-04,1010,2031,403,2.0,1356.72,0.09,GiftCard
1300,2025-05-04,1125,2050,402,0.0,373.56,0.2,Credit
1301,2025-05-04,1088,2087,403,2.0,509.82,0.11,PayPal
1302,2025-05-04,1160,2038,402,2.0,2223.62,0.17,GiftCard
1303,2025-05-04,1015,2080,403,3.0,2496.78,0.18,Cash
1304,2025-05-04,1007,2071,403,1.0,553.64,0.1,Cash
1305,2025-05-04,1038,2043,404,1.0,786.1,0.16,Cash
1306,2025-05-04,1022,2093,404,1.0,2721.38,0.17,GiftCard
1307,2025-05-04,1106,2030,402,3.0,1019.82,0.02,Cash
1308,2025-05-04,1079,2077,403,3.0,561.83,0.15,Cash
1309,2025-05-04,1138,2016,402,1.0,872.15,0.04,Cash
1310,2025-05-04,1148,2069,402,1.0,418.3,0.02,Cash
1311,2025-05-04,1079,2088,402,3.0,709.35,0.04,Credit
1312,2025-05-04,1197,2018,402,2.0,867.62,0.07,GiftCard
1313,2025-05-04,1017,2071,401,1.0,553.64,0.03,Credit
1314,2025-05-04,1081,2018,401,2.0,867.62,0.14,Cash
1315,2025-05-04,1105,2052,403,3.0,731.26,0.12,Credit
1317,2025-05-04,1199,2024,401,1.0,223.69,0.16,GiftCard
1318,2025-05-04,1047,2003,403,1.0,346.66,0.13,Cash
1319,2025-05-04,1152,2029,402,0.0,27.02,0.1,GiftCard
1320,2025-05-04,1091,2010,404,1.0,210.17,0.08,Credit
1323,2025-05-04,1035,2020,402,1.0,676.49,0.12,Credit
1324,2025-05-04,1008,2052,401,2.0,585.01,0.07,Cash
1325,2025-05-04,1105,2028,402,1.0,1148.29,0.14,Cash
1326,2025-05-04,1016,2022,404,3.0,2684.72,0,Credit
1327,2025-05-04,1176,2041,404,1.0,1447.58,0.02,Credit
1328,2025-05-04,1109,2051,401,3.0,469.28,0,Credit
1329,2025-05-04,1184,2040,404,0.0,103.62,0,GiftCard
1330,2025-05-04,1133,2013,404,3.0,3741.44,0.01,PayPal
1331,2025-05-04,1010,2031,404,0.0,1130.6,0.19,Credit
1333,2025-05-04,1074,2056,404,2.0,839.55,0.17,Cash
1334,2025-05-04,1198,2036,404,1.0,392.36,0.12,Credit
1335,2025-05-04,1108,2037,401,1.0,648.25,0.06,PayPal
1336,2025-05-04,1118,2082,404,0.0,799.8,0.06,Cash
1337,2025-05-04,1184,2064,401,1.0,264.64,0.09,Cash
1338,2025-05-04,1199,2074,402,3.0,1978.5,0.02,Cash
1341,2025-05-04,1023,2032,403,1.0,1702.08,0.17,GiftCard
1342,2025-05-04,1183,2093,401,0.0,2267.82,0.02,GiftCard
1343,2025-05-04,1029,2090,404,2.0,57.31,0.07,Credit
1344,2025-05-04,1021,2067,404,1.0,261.86,0.06,GiftCard
1345,2025-05-04,1096,2070,404,0.0,136.72,0.06,Cash
1346,2025-05-04,1196,2021,403,1.0,751.87,0.08,Credit
1347,2025-05-04,1041,2018,402,0.0,1084.52,0.03,GiftCard
1349,2025-05-04,1073,2080,402,0.0,3329.04,0.15,Cash
1350,2025-05-04,1033,2025,401,2.0,671.09,0.2,GiftCard
1351,2025-05-04,1003,2058,404,3.0,2000.25,0.19,Cash
1352,2025-05-04,1139,2000,404,1.0,1744.76,0.04,Cash
1353,2025-05-04,1055,2075,404,3.0,3122.56,0.15,PayPal
1354,2025-05-04,1104,2056,401,0.0,1574.16,0.14,Cash
1355,2025-05-04,1062,2070,403,1.0,30.76,0.07,Credit
1356,2025-05-04,1012,2023,402,0.0,2818.62,0.06,GiftCard
1357,2025-05-04,1167,2044,401,1.0,560.47,0.18,PayPal
1359,2025-05-04,1022,2006,401,3.0,990.0,0.18,PayPal
1360,2025-05-04,1045,2020,403,1.0,1352.99,0.15,GiftCard
1361,2025-05-04,1116,2095,403,0.0,981.58,0,GiftCard
1362,2025-05-04,1023,2098,403,2.0,1452.58,0.15,Credit
1363,2025-05-04,1094,2048,401,3.0,1072.89,0.2,GiftCard
1365,2025-05-04,1034,2015,403,2.0,1079.95,0.04,Credit
1366,2025-05-04,1134,2052,402,1.0,1316.27,0.08,PayPal
1367,2025-05-04,1156,2007,401,0.0,1750.17,0.13,PayPal
1369,2025-05-04,1155,2040,403,2.0,27.63,0.11,Credit
1370,2025-05-04,1033,2078,404,3.0,568.04,0.01,Credit
1371,2025-05-04,1126,2023,402,2.0,2254.9,0,Cash
1372,2025-05-04,1049,2000,401,0.0,3877.24,0.19,PayPal
1374,2025-05-04,1157,2053,404,0.0,1830.45,0.07,PayPal
1375,2025-05-04,1085,2044,402,0.0,207.58,0.12,PayPal
1376,2025-05-04,1163,2025,403,2.0,447.39,0.18,GiftCard
1377,2025-05-04,1017,2039,403,2.0,3905.76,0.17,GiftCard
1379,2025-05-04,1087,2050,401,1.0,168.1,0.15,Credit
1380,2025-05-04,1049,2042,403,3.0,670.44,0.09,Credit
1381,2025-05-04,1121,2004,402,3.0,3709.0,0.18,GiftCard
1382,2025-05-04,1039,2080,404,2.0,665.81,0.03,Credit
1384,2025-05-04,1144,2092,403,0.0,1446.63,0.16,Cash
1385,2025-05-04,1053,2073,403,2.0,1198.63,0.05,Cash
1387,2025-05-04,1086,2048,402,3.0,1072.89,0.1,PayPal
1389,2025-05-04,1180,2040,401,2.0,110.53,0.05,Credit
1391,2025-05-04,1095,2057,403,1.0,786.56,0.01,GiftCard
1392,2025-05-04,1134,2038,402,0.0,926.51,0.16,Credit
1394,2025-05-04,1113,2064,401,3.0,294.04,0.2,GiftCard
1395,2025-05-04,1128,2019,402,2.0,1494.29,0.16,GiftCard
1396,2025-05-04,1123,2093,403,2.0,3023.76,0.06,GiftCard
1397,2025-05-04,1036,2098,401,1.0,817.07,0.09,GiftCard
1398,2025-05-04,1052,2092,401,3.0,1928.84,0.09,GiftCard
1399,2025-05-04,1099,2091,401,0.0,905.79,0.02,Cash
1400,2025-05-04,1079,2005,401,2.0,1715.12,0.14,PayPal
1401,2025-05-04,1119,2005,401,2.0,686.05,0.2,Credit
1403,2025-05-04,1082,2025,402,2.0,223.7,0.1,GiftCard
1404,2025-05-04,1070,2068,403,3.0,2460.72,0.08,Credit
1406,2025-05-04,1040,2035,401,0.0,899.99,0.07,PayPal
1407,2025-05-04,1159,2071,401,1.0,1660.93,0.19,GiftCard
1410,2025-05-04,1043,2009,403,2.0,106.1,0.11,Credit
1411,2025-05-04,1138,2056,401,1.0,944.5,0.11,Credit
1412,2025-05-04,1007,2060,401,0.0,816.76,0.1,GiftCard
1413,2025-05-04,1098,2006,401,3.0,990.0,0.03,Cash
1414,2025-05-04,1100,2022,404,2.0,1610.83,0.1,PayPal
1415,2025-05-04,1079,2042,402,0.0,167.61,0.17,Cash
1416,2025-05-04,1193,2097,404,1.0,2273.67,0.14,GiftCard
1417,2025-05-04,1023,2089,404,0.0,413.52,0.13,GiftCard
1418,2025-05-04,1116,2039,404,3.0,3905.76,0.15,Credit
1419,2025-05-04,1059,2028,402,2.0,1531.06,0.02,Credit
1420,2025-05-04,1093,2050,402,2.0,298.85,0.05,PayPal
1421,2025-05-04,1083,2058,404,0.0,2000.25,0,Credit
1422,2025-05-04,1016,2060,401,2.0,653.41,0.15,Cash
1423,2025-05-04,1122,2059,402,2.0,1228.92,0.05,PayPal
1424,2025-05-04,1196,2044,402,0.0,207.58,0.08,Cash
1425,2025-05-04,1103,2091,401,2.0,2173.9,0.05,GiftCard
1426,2025-05-04,1142,2083,401,2.0,1229.06,0.01,PayPal
1427,2025-05-04,1136,2059,404,3.0,2560.25,0.14,PayPal
1428,2025-05-04,1061,2079,402,1.0,2566.46,0.03,PayPal
1429,2025-05-04,1123,2049,401,2.0,751.87,0.15,Credit
1430,2025-05-04,1053,2088,404,3.0,709.35,0.08,GiftCard
1431,2025-05-04,1145,2043,402,1.0,1572.21,0.18,Credit
1432,2025-05-04,1169,2085,401,3.0,1210.75,0.08,Cash
1433,2025-05-04,1029,2075,404,2.0,1249.02,0.12,Credit
1434,2025-05-04,1142,2012,404,1.0,1682.61,0.14,Cash
1435,2025-05-04,1078,2051,401,0.0,117.32,0.07,Cash
1436,2025-05-04,1175,2076,404,2.0,1289.71,0.04,Credit
1437,2025-05-04,1126,2082,401,0.0,1066.4,0.19,Credit
1438,2025-05-04,1055,2017,401,1.0,1669.32,0.19,Cash
1439,2025-05-04,1169,2019,404,2.0,747.14,0.13,Cash
1440,2025-05-04,1099,2078,404,1.0,383.43,0.2,GiftCard
1442,2025-05-04,1145,2086,403,3.0,2682.3,0.17,GiftCard
1443,2025-05-04,1183,2044,401,0.0,1037.9,0.04,PayPal
1444,2025-05-04,1156,2065,404,1.0,423.31,0.12,GiftCard
1445,2025-05-04,1075,2007,403,0.0,1166.78,0.2,GiftCard
1446,2025-05-04,1000,2090,403,0.0,143.28,0.1,Credit
1448,2025-05-04,1179,2075,404,2.0,1873.54,0.15,GiftCard
1449,2025-05-04,1182,2048,404,3.0,357.63,0.14,Credit
1450,2025-05-04,1111,2069,402,1.0,836.6,0,GiftCard
1451,2025-05-04,1121,2017,402,3.0,2782.2,0.06,PayPal
1452,2025-05-04,1092,2053,402,2.0,1464.36,0.16,Cash
1453,2025-05-04,1171,2016,402,0.0,646.04,0.07,GiftCard
1455,2025-05-04,1184,2062,404,1.0,1672.27,0.16,Cash
1456,2025-05-04,1021,2017,404,3.0,463.7,0.07,PayPal
1457,2025-05-04,1178,2077,404,1.0,505.65,0.06,Cash
1458,2025-05-04,1116,2065,404,3.0,470.34,0.2,PayPal
1459,2025-05-04,1098,2045,402,1.0,280.93,0.18,GiftCard
1460,2025-05-04,1108,2077,401,3.0,1685.49,0.15,PayPal
1461,2025-05-04,1187,2030,403,3.0,509.91,0.02,Credit
1462,2025-05-04,1139,2073,403,0.0,499.43,0.19,GiftCard
1464,2025-05-04,1028,2074,404,0.0,3297.5,0.1,Credit
1467,2025-05-04,1120,2080,401,2.0,665.81,0.07,Credit
1468,2025-05-04,1156,2006,403,0.0,198.0,0.18,Cash
1469,2025-05-04,1120,2058,404,2.0,1600.2,0.13,PayPal
1470,2025-05-04,1107,2045,403,2.0,249.71,0.2,GiftCard
1472,2025-05-04,1015,2080,404,1.0,749.03,0.14,PayPal
1473,2025-05-04,1146,2006,403,0.0,792.0,0.1,GiftCard
1474,2025-05-04,1073,2062,401,1.0,1114.85,0.05,PayPal
1476,2025-05-04,1033,2078,403,2.0,340.82,0.15,Cash
1477,2025-05-04,1065,2001,401,1.0,371.12,0.08,Credit
1478,2025-05-04,1151,2094,402,3.0,493.35,0.06,PayPal
1480,2025-05-04,1124,2023,401,2.0,2254.9,0.19,Cash
1481,2025-05-04,1021,2018,402,3.0,542.26,0.13,GiftCard
1483,2025-05-04,1169,2056,402,1.0,944.5,0.11,PayPal
1484,2025-05-04,1147,2093,403,0.0,2267.82,0.2,PayPal
1485,2025-05-04,1164,2033,401,0.0,836.25,0.05,GiftCard
1486,2025-05-04,1042,2059,404,3.0,3072.3,0.12,GiftCard
1487,2025-05-04,1077,2060,402,3.0,1633.52,0.2,GiftCard
1488,2025-05-04,1174,2090,404,3.0,286.56,0.13,PayPal
1489,2025-05-04,1067,2018,404,0.0,2169.04,0.18,Cash
1490,2025-05-04,1073,2057,404,2.0,349.58,0.18,PayPal
1491,2025-05-04,1135,2087,401,0.0,318.64,0.02,PayPal
1492,2025-05-04,1136,2081,403,3.0,2238.66,0.12,Cash
1493,2025-05-04,1156,2083,403,2.0,1229.06,0.09,GiftCard
1494,2025-05-04,1069,2034,401,2.0,217.87,0.19,Cash
1495,2025-05-04,1167,2074,404,3.0,2638.0,0.11,GiftCard
1496,2025-05-04,1197,2086,402,1.0,2414.07,0.11,PayPal
1497,2025-05-04,1133,2043,402,2.0,1397.52,0.14,GiftCard
1498,2025-05-04,1140,2001,401,0.0,1237.05,0.18,Credit
1499,2025-05-04,1003,2052,401,0.0,731.26,0.2,PayPal
1500,2025-05-04,1175,2057,403,1.0,1179.85,0.14,Cash
1501,2025-05-04,1185,2036,403,1.0,980.91,0.02,Cash
1503,2025-05-04,1152,2084,402,0.0,281.85,0.06,PayPal
1504,2025-05-04,1181,2015,401,1.0,1214.95,0.03,Cash
1506,2025-05-04,1178,2023,403,2.0,1503.26,0.08,PayPal
1508,2025-05-04,1070,2098,404,2.0,1452.58,0.1,GiftCard
1509,2025-05-04,1065,2020,401,2.0,300.66,0.03,Cash
1510,2025-05-04,1198,2007,404,3.0,2333.56,0.14,PayPal
1511,2025-05-04,1085,2007,403,2.0,933.42,0.12,GiftCard
1512,2025-05-04,1045,2056,401,3.0,3148.32,0.09,Cash
1513,2025-05-04,1051,2078,404,1.0,383.43,0.2,Cash
1514,2025-05-04,1165,2062,401,1.0,557.42,0.12,GiftCard
1515,2025-05-04,1138,2098,404,1.0,817.07,0.14,GiftCard
1516,2025-05-04,1157,2082,401,3.0,1066.4,0.04,Credit
1519,2025-05-04,1004,2063,402,0.0,552.46,0.15,Cash
1520,2025-05-04,1009,2085,404,2.0,193.72,0,PayPal
1521,2025-05-04,1038,2089,403,3.0,1240.56,0.18,PayPal
1522,2025-05-04,1147,2000,404,3.0,4846.55,0.07,PayPal
1523,2025-05-04,1111,2051,401,1.0,211.18,0.02,Credit
1524,2025-05-04,1000,2049,404,0.0,5639.04,0.15,Cash
1525,2025-05-04,1145,2068,403,2.0,656.19,0.15,PayPal
1526,2025-05-04,1174,2038,404,0.0,1853.02,0.15,Cash
1527,2025-05-04,1161,2082,401,2.0,213.28,0.2,PayPal
1528,2025-05-04,1136,2043,401,3.0,3493.8,0.17,Credit
1529,2025-05-04,1194,2098,403,1.0,2451.22,0.05,Credit
1530,2025-05-04,1045,2070,401,3.0,102.54,0.15,PayPal
1531,2025-05-04,1169,2024,403,3.0,621.35,0.14,Credit
1532,2025-05-04,1027,2080,403,3.0,2496.78,0.06,Credit
1533,2025-05-04,1021,2080,404,1.0,2247.1,0.09,Credit
1534,2025-05-04,1035,2004,402,0.0,1854.5,0.04,PayPal
1535,2025-05-04,1184,2075,402,3.0,2341.92,0.15,Credit
1536,2025-05-04,1099,2008,403,3.0,66.59,0.11,Credit
1537,2025-05-04,1136,2057,401,0.0,1310.94,0.15,Cash
1538,2025-05-04,1086,2007,403,0.0,1750.17,0.13,PayPal
1539,2025-05-04,1103,2015,402,3.0,2024.91,0,PayPal
1541,2025-05-04,1018,2004,402,3.0,927.25,0.07,Cash
1542,2025-05-04,1167,2002,404,0.0,866.0,0,Cash
1543,2025-05-04,1062,2089,402,0.0,2067.6,0.1,Cash
1544,2025-05-04,1044,2080,401,2.0,665.81,0.03,GiftCard
1545,2025-05-04,1024,2058,402,0.0,2000.25,0.07,Credit
1546,2025-05-04,1027,2014,404,1.0,443.34,0.13,Cash
1547,2025-05-04,1016,2025,404,2.0,671.09,0.07,PayPal
1548,2025-05-04,1188,2086,404,2.0,2861.12,0.03,GiftCard
1549,2025-05-04,1030,2087,402,2.0,382.37,0.03,Cash
1550,2025-05-04,1054,2097,401,1.0,2273.67,0.16,Credit
1551,2025-05-04,1085,2008,401,2.0,106.54,0.05,Cash
1552,2025-05-04,1036,2096,404,1.0,1814.89,0.2,GiftCard
1553,2025-05-04,1178,2047,402,3.0,1004.94,0.11,PayPal
1554,2025-05-04,1062,2074,401,1.0,1187.1,0.03,Credit
1555,2025-05-04,1025,2080,404,1.0,3745.17,0.01,Cash
1556,2025-05-04,1004,2062,401,0.0,2477.44,0.05,PayPal
1557,2025-05-04,1001,2022,401,2.0,536.94,0.1,Cash
1558,2025-05-04,1106,2088,404,1.0,1276.83,0.07,GiftCard
1559,2025-05-04,1052,2018,403,3.0,2169.04,0.05,GiftCard
1560,2025-05-04,1105,2030,402,0.0,339.94,0.07,Credit
1561,2025-05-04,1152,2023,404,0.0,1879.08,0.09,Cash
1563,2025-05-04,1001,2071,402,1.0,1660.93,0.2,Cash
1564,2025-05-04,1030,2067,401,2.0,465.52,0.02,Cash
1565,2025-05-04,1194,2069,402,3.0,929.56,0.18,Cash
1566,2025-05-04,1197,2080,402,2.0,1331.62,0.18,PayPal
1567,2025-05-04,1013,2024,401,1.0,335.53,0.14,PayPal
1568,2025-05-04,1175,2060,404,1.0,735.08,0.16,PayPal
1569,2025-05-04,1040,2085,401,0.0,484.3,0.06,Credit
1570,2025-05-04,1165,2046,403,1.0,60.17,0.01,PayPal
1571,2025-05-04,1111,2032,403,3.0,3782.4,0.01,Credit
1572,2025-05-04,1011,2013,401,1.0,1683.65,0.1,Cash
1573,2025-05-04,1040,2003,404,0.0,385.18,0.16,Credit
1574,2025-05-04,1018,2030,404,2.0,135.98,0.17,Cash
1575,2025-05-04,1107,2025,403,1.0,754.97,0.12,GiftCard
1578,2025-05-04,1096,2028,401,3.0,2551.76,0.01,GiftCard
1579,2025-05-04,1149,2062,401,3.0,1858.08,0.09,GiftCard
1580,2025-05-04,1037,2027,404,1.0,465.5,0.19,Credit
1582,2025-05-04,1184,2024,403,2.0,198.83,0.02,Cash
1583,2025-05-04,1051,2042,402,0.0,167.61,0.07,PayPal
1584,2025-05-04,1177,2072,401,2.0,672.48,0.12,Credit
1585,2025-05-04,1034,2014,404,3.0,985.2,0.07,Credit
1586,2025-05-04,1107,2021,403,1.0,751.87,0.04,Cash
1587,2025-05-04,1075,2077,402,1.0,2528.24,0.02,GiftCard
1588,2025-05-04,1147,2070,402,0.0,34.18,0.08,GiftCard
1589,2025-05-04,1105,2066,404,1.0,928.91,0.13,Credit
1590,2025-05-04,1151,2060,404,2.0,653.41,0,Credit
1591,2025-05-04,1003,2093,404,1.0,680.35,0.13,Cash
1592,2025-05-04,1063,2041,404,1.0,2171.37,0.09,Credit
1593,2025-05-04,1151,2019,401,3.0,933.93,0.17,PayPal
1594,2025-05-04,1011,2005,404,0.0,428.78,0.16,PayPal
1595,2025-05-04,1108,2067,404,3.0,290.95,0.11,PayPal
1596,2025-05-04,1178,2012,404,3.0,623.19,0.17,GiftCard
1597,2025-05-04,1061,2010,401,3.0,389.2,0.14,GiftCard
1599,2025-05-04,1061,2082,401,0.0,266.6,0,Credit
1600,2025-05-04,1122,2085,403,1.0,217.94,0.02,GiftCard
1601,2025-05-04,1180,2058,401,3.0,666.75,0.05,Credit
1602,2025-05-04,1118,2098,402,3.0,907.86,0.19,Cash
1603,2025-05-04,1047,2047,404,0.0,334.98,0.13,Credit
1605,2025-05-04,1135,2004,403,3.0,3709.0,0.14,Cash
1607,2025-05-04,1158,2042,401,2.0,402.26,0.17,Cash
1608,2025-05-04,1013,2014,404,2.0,197.04,0.06,Credit
1609,2025-05-04,1119,2079,401,2.0,4562.59,0.14,PayPal
1610,2025-05-04,1093,2022,401,1.0,604.06,0.2,GiftCard
1611,2025-05-04,1035,2042,402,0.0,335.22,0.03,Credit
1612,2025-05-04,1166,2061,402,1.0,179.93,0.11,Cash
1613,2025-05-04,1082,2045,403,3.0,312.14,0.1,Cash
1614,2025-05-04,1070,2006,401,2.0,633.6,0.17,GiftCard
1615,2025-05-04,1088,2057,404,0.0,436.98,0.15,Cash
1616,2025-05-04,1120,2090,403,3.0,214.92,0.17,Credit
1617,2025-05-04,1158,2047,401,1.0,904.45,0.1,PayPal
1619,2025-05-04,1045,2036,401,0.0,217.98,0.14,PayPal
1620,2025-05-04,1042,2035,401,1.0,809.99,0.08,Credit
1621,2025-05-04,1127,2019,402,0.0,933.93,0.18,Credit
1622,2025-05-04,1075,2053,402,3.0,2440.6,0.15,Credit
1623,2025-05-04,1088,2053,404,0.0,610.15,0.12,Credit
1624,2025-05-04,1074,2024,401,0.0,248.54,0.18,Cash
1625,2025-05-04,1059,2066,403,3.0,2064.24,0.1,PayPal
1626,2025-05-04,1148,2043,403,3.0,873.45,0.15,Credit
1627,2025-05-04,1151,2085,404,3.0,726.45,0.2,PayPal
1628,2025-05-04,1077,2072,402,2.0,1008.72,0.16,Credit
1629,2025-05-04,1043,2033,402,3.0,836.25,0.16,Credit
1630,2025-05-04,1095,2036,401,1.0,392.36,0.15,Credit
1631,2025-05-04,1090,2036,404,1.0,588.55,0.17,Cash
1632,2025-05-04,1158,2020,403,1.0,676.49,0.19,Credit
1634,2025-05-04,1060,2014,401,2.0,591.12,0.15,Cash
1635,2025-05-04,1147,2016,404,2.0,516.83,0.04,Cash
1636,2025-05-04,1094,2023,402,0.0,1879.08,0.09,GiftCard
1638,2025-05-04,1095,2057,402,2.0,349.58,0,Credit
1640,2025-05-04,1196,2018,404,2.0,433.81,0.2,GiftCard
1641,2025-05-04,1039,2000,403,2.0,775.45,0.02,Cash
1642,2025-05-04,1121,2037,402,3.0,1080.42,0.14,Cash
1643,2025-05-04,1086,2088,401,3.0,2837.4,0.11,PayPal
1644,2025-05-04,1010,2017,401,2.0,1112.88,0.09,Cash
1645,2025-05-04,1006,2051,402,3.0,351.96,0.02,PayPal
1646,2025-05-04,1091,2011,403,0.0,819.48,0.06,Credit
1647,2025-05-04,1155,2082,402,1.0,959.76,0.13,Cash
1648,2025-05-04,1005,2098,403,1.0,817.07,0.03,PayPal
1649,2025-05-04,1005,2010,404,0.0,233.52,0.05,Credit
1650,2025-05-04,1131,2050,402,3.0,747.12,0.01,Cash
1651,2025-05-04,1081,2077,401,2.0,1797.86,0.18,PayPal
1652,2025-05-04,1101,2018,404,2.0,867.62,0.18,Cash
1653,2025-05-04,1098,2047,401,2.0,1071.94,0.2,Cash
1654,2025-05-04,1088,2044,403,3.0,830.32,0.16,PayPal
1655,2025-05-04,1143,2011,402,3.0,1229.22,0.06,Credit
1656,2025-05-04,1189,2053,404,2.0,1464.36,0.08,GiftCard
1657,2025-05-04,1041,2093,404,3.0,2267.82,0.17,Credit
1658,2025-05-04,1035,2075,401,1.0,1405.15,0.11,PayPal
1659,2025-05-04,1053,2038,404,2.0,2964.83,0.19,GiftCard
1660,2025-05-04,1016,2075,404,0.0,3122.56,0.07,Credit
1661,2025-05-04,1001,2052,403,3.0,731.26,0.2,Cash
1662,2025-05-04,1044,2071,404,1.0,553.64,0.03,Credit
1664,2025-05-04,1141,2062,401,2.0,1486.46,0.2,Cash
1665,2025-05-04,1149,2038,404,3.0,926.51,0.06,GiftCard
1666,2025-05-04,1057,2003,401,1.0,2079.97,0,Cash
1667,2025-05-04,1067,2038,404,0.0,926.51,0.17,Credit
1668,2025-05-04,1167,2085,403,3.0,242.15,0.09,GiftCard
1669,2025-05-04,1045,2062,402,0.0,1858.08,0.2,Cash
1670,2025-05-04,1030,2097,403,3.0,3368.4,0.06,Credit
1672,2025-05-04,1144,2055,403,3.0,161.82,0.19,Cash
1673,2025-05-04,1177,2015,403,0.0,674.97,0.06,GiftCard
1674,2025-05-04,1066,2020,401,1.0,1014.74,0.05,GiftCard
1675,2025-05-04,1081,2059,402,2.0,409.64,0.18,Cash
1676,2025-05-04,1041,2006,403,2.0,475.2,0.16,Cash
1677,2025-05-04,1107,2081,403,0.0,3731.1,0.06,Credit
1679,2025-05-04,1196,2080,402,0.0,832.26,0.11,PayPal
1680,2025-05-04,1153,2096,402,2.0,1075.49,0.2,PayPal
1681,2025-05-04,1080,2087,403,2.0,127.46,0.09,PayPal
1682,2025-05-04,1175,2089,403,0.0,2067.6,0.02,Cash
1683,2025-05-04,1136,2074,403,1.0,593.55,0.09,PayPal
1684,2025-05-04,1003,2017,403,2.0,1112.88,0.03,GiftCard
1685,2025-05-04,1199,2062,404,2.0,990.98,0.15,Credit
1686,2025-05-04,1041,2013,402,1.0,1683.65,0.05,GiftCard
1688,2025-05-04,1106,2058,401,0.0,1333.5,0.06,PayPal
1689,2025-05-04,1033,2002,404,2.0,1385.6,0.14,GiftCard
1690,2025-05-04,1079,2088,403,1.0,2553.66,0.15,PayPal
1692,2025-05-04,1181,2038,401,0.0,2779.53,0.14,PayPal
1693,2025-05-04,1056,2016,402,1.0,872.15,0,GiftCard
1694,2025-05-04,1078,2016,402,1.0,872.15,0.19,GiftCard
1695,2025-05-04,1020,2054,401,0.0,1801.02,0.1,PayPal
1697,2025-05-04,1010,2025,401,0.0,559.24,0.04,Credit
1698,2025-05-04,1168,2065,401,3.0,1411.02,0.1,Cash
1699,2025-05-04,1030,2032,401,0.0,945.6,0.17,PayPal
1702,2025-05-04,1047,2085,403,0.0,242.15,0.16,Cash
1704,2025-05-04,1090,2020,402,0.0,751.66,0.03,PayPal
1705,2025-05-04,1025,2074,401,1.0,593.55,0.03,PayPal
1706,2025-05-04,1183,2024,403,1.0,335.53,0.11,GiftCard
1707,2025-05-04,1193,2068,401,0.0,820.24,0.18,GiftCard
1708,2025-05-04,1054,2064,404,2.0,235.23,0.14,PayPal
1709,2025-05-04,1178,2075,402,3.0,5464.48,0.19,Cash
1710,2025-05-04,1172,2013,402,2.0,2244.86,0.06,Cash
1711,2025-05-04,1097,2054,402,1.0,810.46,0.09,PayPal
1712,2025-05-04,1104,2014,403,0.0,246.3,0.02,GiftCard
1713,2025-05-04,1119,2014,402,3.0,1231.5,0.04,GiftCard
1714,2025-05-04,1195,2046,403,0.0,100.29,0.06,PayPal
1717,2025-05-04,1175,2056,402,3.0,2098.88,0.16,PayPal
1718,2025-05-04,1074,2054,402,0.0,2701.53,0.09,Credit
1719,2025-05-04,1121,2086,403,1.0,3218.76,0.2,Cash
1720,2025-05-04,1003,2086,404,0.0,1788.2,0.18,Credit
1721,2025-05-04,1101,2056,401,0.0,524.72,0.13,Cash
1722,2025-05-04,1036,2050,404,0.0,747.12,0.03,Cash
1723,2025-05-04,1189,2021,401,2.0,1336.66,0.04,Credit
1724,2025-05-04,1050,2043,402,3.0,873.45,0.12,Credit
1725,2025-05-04,1031,2029,404,3.0,40.53,0.15,GiftCard
1726,2025-05-04,1071,2097,403,3.0,2526.3,0.03,Cash
1727,2025-05-04,1091,2060,404,3.0,1225.14,0.1,GiftCard
1728,2025-05-04,1130,2035,402,3.0,899.99,0.16,Cash
1730,2025-05-04,1127,2029,402,0.0,40.53,0.02,PayPal
1731,2025-05-04,1025,2094,401,0.0,1973.4,0.2,PayPal
1732,2025-05-04,1127,2086,401,1.0,4828.14,0.15,Cash
1733,2025-05-04,1097,2077,403,1.0,2022.59,0.18,PayPal
1734,2025-05-04,1077,2079,401,0.0,1901.08,0.05,Credit
1735,2025-05-04,1169,2096,404,3.0,672.18,0.16,Cash
1736,2025-05-04,1051,2037,404,3.0,1800.7,0.1,Cash
1737,2025-05-04,1129,2033,403,0.0,1672.5,0.12,PayPal
1738,2025-05-04,1195,2004,404,0.0,2781.75,0.17,Credit
1739,2025-05-04,1098,2057,403,3.0,1310.94,0.07,Credit
1740,2025-05-04,1113,2058,401,0.0,2000.25,0.14,Cash
1742,2025-05-04,1125,2055,402,2.0,86.3,0.03,Credit
1743,2025-05-04,1183,2049,404,0.0,1879.68,0,GiftCard
1744,2025-05-04,1145,2086,404,3.0,2682.3,0.06,Cash
1745,2025-05-04,1121,2071,402,0.0,1845.48,0.15,Cash
1746,2025-05-04,1100,2033,404,3.0,2508.75,0.1,Cash
1747,2025-05-04,1157,2086,403,2.0,1430.56,0.19,PayPal
1748,2025-05-04,1082,2007,401,0.0,1750.17,0.15,PayPal
1749,2025-05-04,1032,2046,403,0.0,167.15,0.01,Cash
1750,2025-05-04,1195,2080,403,3.0,3329.04,0.2,Credit
1752,2025-05-04,1105,2044,401,1.0,373.64,0.11,GiftCard
1753,2025-05-04,1063,2030,403,0.0,509.91,0.07,PayPal
1754,2025-05-04,1176,2008,403,0.0,133.18,0.01,GiftCard
1755,2025-05-04,1086,2021,401,2.0,2004.98,0.04,Credit
1756,2025-05-04,1009,2058,404,3.0,2000.25,0.1,Credit
1758,2025-05-04,1081,2048,404,2.0,572.21,0.16,Credit
1759,2025-05-04,1146,2012,404,0.0,623.19,0.11,PayPal
1760,2025-05-04,1176,2086,402,2.0,1430.56,0.03,PayPal
1761,2025-05-04,1127,2064,403,1.0,529.27,0.12,Credit
1762,2025-05-04,1157,2038,403,3.0,4632.55,0.05,Cash
1764,2025-05-04,1073,2033,401,2.0,1338.0,0.06,PayPal
1767,2025-05-04,1069,2008,404,3.0,66.59,0.05,Credit
1768,2025-05-04,1053,2044,401,2.0,332.13,0.01,GiftCard
1770,2025-05-04,1051,2053,404,2.0,488.12,0.03,PayPal
1771,2025-05-04,1159,2065,404,1.0,1693.22,0.01,Cash
1772,2025-05-04,1004,2080,402,3.0,3329.04,0.06,Cash
1773,2025-05-04,1054,2084,404,2.0,901.92,0.03,GiftCard
1774,2025-05-04,1163,2068,404,0.0,1640.48,0.1,PayPal
1775,2025-05-04,1133,2025,403,3.0,838.86,0.08,Credit
1776,2025-05-04,1037,2030,402,2.0,271.95,0.08,Cash
1777,2025-05-04,1111,2052,403,0.0,731.26,0.19,PayPal
1778,2025-05-04,1162,2026,404,2.0,169.25,0.11,GiftCard
1779,2025-05-04,1073,2082,402,2.0,213.28,0.11,Cash
1780,2025-05-04,1175,2076,402,3.0,806.07,0.18,PayPal
1781,2025-05-04,1061,2014,402,1.0,665.01,0.03,Cash
1782,2025-05-04,1007,2031,403,3.0,1695.9,0.19,Credit
1783,2025-05-04,1124,2071,404,3.0,1845.48,0.07,Cash
1784,2025-05-04,1165,2004,402,1.0,1669.05,0.17,Cash
1786,2025-05-04,1071,2084,402,0.0,281.85,0.09,PayPal
1787,2025-05-04,1184,2062,401,0.0,2477.44,0.14,Credit
1788,2025-05-04,1021,2040,403,0.0,69.08,0.15,Cash
1789,2025-05-04,1104,2046,401,3.0,167.15,0.09,Credit
1790,2025-05-04,1185,2017,402,0.0,1854.8,0.2,PayPal
1791,2025-05-04,1146,2094,401,2.0,789.36,0.02,PayPal
1792,2025-05-04,1127,2011,402,0.0,409.74,0.17,PayPal
1793,2025-05-04,1197,2040,403,3.0,138.16,0,GiftCard
1794,2025-05-04,1191,2095,402,3.0,1963.16,0.07,Cash
1795,2025-05-04,1055,2018,401,1.0,488.03,0.02,Cash
1796,2025-05-04,1054,2035,404,3.0,899.99,0.06,PayPal
1797,2025-05-04,1065,2075,401,3.0,3903.2,0.02,GiftCard
1798,2025-05-04,1136,2047,401,2.0,267.98,0.01,PayPal
1799,2025-05-04,1139,2054,404,1.0,3241.84,0.1,GiftCard
1801,2025-05-04,1183,2047,403,0.0,1004.94,0.09,Cash
1802,2025-05-04,1165,2077,401,0.0,1685.49,0.15,GiftCard
1803,2025-05-04,1176,2085,402,2.0,581.16,0.02,Credit
1804,2025-05-04,1141,2049,403,2.0,1503.74,0.06,GiftCard
1805,2025-05-04,1175,2015,402,3.0,674.97,0.1,PayPal
1807,2025-05-04,1077,2011,402,2.0,655.58,0.11,Cash
1808,2025-05-04,1053,2020,404,2.0,601.33,0.13,Credit
1809,2025-05-04,1196,2082,404,0.0,533.2,0.02,GiftCard
1810,2025-05-04,1070,2010,404,3.0,311.36,0.1,Cash
1811,2025-05-04,1188,2052,403,3.0,2925.04,0.02,PayPal
1812,2025-05-04,1025,2020,403,0.0,375.83,0.19,Cash
1813,2025-05-04,1090,2053,403,3.0,1830.45,0.04,Cash
1814,2025-05-04,1177,2003,401,1.0,346.66,0.12,PayPal
1815,2025-05-04,1161,2056,402,0.0,1049.44,0.01,Credit
1817,2025-05-04,1147,2010,401,1.0,70.06,0.1,GiftCard
1818,2025-05-04,1063,2066,402,3.0,516.06,0.2,GiftCard
1819,2025-05-04,1081,2057,404,1.0,786.56,0.03,Credit
1820,2025-05-04,1066,2022,403,2.0,536.94,0.04,PayPal
1821,2025-05-04,1050,2010,404,2.0,62.27,0.16,PayPal
1822,2025-05-04,1046,2050,404,1.0,336.2,0.15,Cash
1823,2025-05-04,1005,2002,402,0.0,3464.0,0.02,Credit
1825,2025-05-04,1012,2051,404,2.0,93.86,0.06,PayPal
1826,2025-05-04,1038,2011,403,1.0,1475.06,0.12,PayPal
1827,2025-05-04,1145,2015,401,3.0,2024.91,0.18,Credit
1828,2025-05-04,1197,2058,404,0.0,666.75,0.11,Credit
1829,2025-05-04,1057,2091,402,1.0,815.21,0.2,Credit
1830,2025-05-04,1005,2034,403,3.0,544.68,0.12,Credit
1831,2025-05-04,1097,2016,404,1.0,290.72,0.05,Credit
1832,2025-05-04,1153,2027,403,1.0,698.25,0.15,Cash
1833,2025-05-04,1107,2023,404,1.0,2536.76,0.15,GiftCard
1834,2025-05-04,1007,2037,403,1.0,648.25,0.14,Cash
1835,2025-05-04,1158,2057,402,2.0,699.17,0.12,GiftCard
1836,2025-05-04,1149,2087,404,0.0,637.28,0.02,PayPal
1837,2025-05-04,1002,2060,402,2.0,326.7,0.02,Cash
1838,2025-05-04,1177,2050,402,3.0,186.78,0.03,PayPal
1839,2025-05-04,1181,2054,403,0.0,1801.02,0.02,PayPal
1840,2025-05-04,1024,2071,401,0.0,615.16,0.02,PayPal
1841,2025-05-04,1085,2030,404,2.0,407.93,0.11,PayPal
1842,2025-05-04,1155,2085,401,0.0,726.45,0.14,PayPal
1843,2025-05-04,1064,2064,404,2.0,940.93,0.03,GiftCard
1844,2025-05-04,1101,2085,403,1.0,217.94,0.1,Credit
1845,2025-05-04,1143,2005,402,2.0,343.02,0.18,PayPal
1846,2025-05-04,1043,2064,404,2.0,235.23,0.03,Cash
1847,2025-05-04,1119,2016,401,2.0,258.42,0.13,Cash
1848,2025-05-04,1181,2067,404,1.0,523.71,0.13,Cash
1850,2025-05-04,1032,2063,403,2.0,441.97,0,PayPal
1851,2025-05-04,1110,2036,403,2.0,348.77,0.19,PayPal
1852,2025-05-04,1132,2040,404,1.0,124.34,0.19,PayPal
1855,2025-05-04,1048,2019,401,1.0,840.54,0.16,Credit
1856,2025-05-04,1046,2004,404,2.0,741.8,0.14,Credit
1857,2025-05-04,1041,2090,404,3.0,358.2,0.13,Credit
1858,2025-05-04,1029,2063,401,3.0,1657.38,0.04,PayPal
1859,2025-05-04,1091,2090,404,3.0,214.92,0.01,GiftCard
1860,2025-05-04,1126,2014,402,0.0,492.6,0.2,Cash
1861,2025-05-04,1089,2011,402,2.0,1638.96,0.1,Cash
1862,2025-05-04,1046,2021,403,1.0,2255.61,0.14,Cash
1863,2025-05-04,1149,2000,402,3.0,4846.55,0.11,Cash
1864,2025-05-04,1019,2031,404,0.0,1695.9,0.08,GiftCard
1866,2025-05-04,1100,2047,401,2.0,803.95,0.13,PayPal
1867,2025-05-04,1039,2003,401,3.0,1155.54,0.12,Cash
1868,2025-05-04,1181,2084,404,3.0,1127.4,0.2,GiftCard
1869,2025-05-04,1160,2034,401,2.0,326.81,0.15,Cash
1870,2025-05-04,1011,2083,404,2.0,614.53,0.12,Cash
1871,2025-05-04,1187,2093,402,1.0,680.35,0.1,GiftCard
1872,2025-05-04,1012,2082,403,2.0,853.12,0.05,Cash
1874,2025-05-04,1023,2051,403,1.0,211.18,0.17,PayPal
1875,2025-05-04,1061,2098,404,0.0,2723.58,0.02,Credit
1876,2025-05-04,1005,2026,402,3.0,211.56,0.12,PayPal
1878,2025-05-04,1030,2038,404,3.0,3706.04,0.12,GiftCard
1879,2025-05-04,1188,2039,402,2.0,1562.3,0.09,Cash
1880,2025-05-04,1170,2012,403,1.0,560.87,0.06,Cash
1881,2025-05-04,1125,2057,404,3.0,1310.94,0.15,Credit
1882,2025-05-04,1068,2072,404,0.0,420.3,0.14,Credit
1884,2025-05-04,1111,2080,404,0.0,1664.52,0.17,PayPal
1886,2025-05-04,1173,2028,402,3.0,2551.76,0.2,Cash
1887,2025-05-04,1134,2080,401,2.0,1331.62,0.04,PayPal
1888,2025-05-04,1119,2055,401,3.0,269.7,0.19,Cash
1889,2025-05-04,1076,2019,402,2.0,747.14,0.11,GiftCard
1892,2025-05-04,1131,2013,404,3.0,4676.8,0.14,GiftCard
1894,2025-05-04,1065,2074,401,0.0,3297.5,0.17,PayPal
1896,2025-05-04,1046,2050,401,0.0,560.34,0.16,PayPal
1897,2025-05-04,1106,2090,403,2.0,114.62,0.02,PayPal
1898,2025-05-04,1150,2092,404,3.0,482.21,0,Credit
1899,2025-05-04,1159,2033,403,1.0,752.62,0.02,GiftCard
1900,2025-05-04,1054,2023,401,2.0,751.63,0.14,Credit
1901,2025-05-04,1172,2013,404,0.0,1870.72,0.04,Credit
1902,2025-05-04,1001,2050,401,0.0,560.34,0.04,PayPal
1903,2025-05-04,1043,2083,404,3.0,2304.48,0.06,GiftCard
1904,2025-05-04,1177,2051,404,2.0,281.57,0.02,PayPal
1905,2025-05-04,1158,2078,403,3.0,568.04,0.16,PayPal
1906,2025-05-04,1077,2011,402,1.0,368.77,0.15,Cash
1907,2025-05-04,1003,2024,401,0.0,248.54,0.02,PayPal
1908,2025-05-04,1178,2024,401,1.0,223.69,0.11,PayPal
1909,2025-05-04,1123,2083,402,1.0,1382.69,0.12,Cash
1910,2025-05-04,1111,2080,402,0.0,3329.04,0.15,PayPal
1911,2025-05-04,1077,2098,404,1.0,817.07,0.05,PayPal
1913,2025-05-04,1042,2019,404,3.0,933.93,0.11,GiftCard
1914,2025-05-04,1120,2002,404,1.0,1558.8,0.15,PayPal
1916,2025-05-04,1085,2001,401,3.0,412.35,0.16,PayPal
1918,2025-05-04,1124,2051,404,3.0,351.96,0.09,Credit
1919,2025-05-04,1059,2091,401,0.0,1811.58,0.09,Credit
1920,2025-05-04,1108,2073,403,0.0,1498.29,0.07,PayPal
1922,2025-05-04,1029,2063,403,3.0,3314.76,0.11,Credit
1923,2025-05-04,1178,2055,401,1.0,242.73,0.05,GiftCard
1924,2025-05-04,1073,2092,402,3.0,482.21,0,Credit
1925,2025-05-04,1088,2056,402,1.0,1888.99,0.17,Cash
1926,2025-05-04,1150,2087,403,3.0,477.96,0.1,Credit
1927,2025-05-04,1033,2037,404,3.0,1440.56,0.1,GiftCard
1928,2025-05-04,1172,2083,403,3.0,2304.48,0.15,Cash
1929,2025-05-04,1041,2079,402,2.0,2281.3,0,Cash
1930,2025-05-04,1176,2095,401,3.0,1472.37,0.19,GiftCard
1931,2025-05-04,1033,2022,402,1.0,1208.12,0.19,Credit
1932,2025-05-04,1155,2062,401,3.0,1858.08,0.17,Cash
1933,2025-05-04,1126,2038,402,1.0,1667.72,0.11,GiftCard
1935,2025-05-04,1066,2045,402,1.0,1123.7,0.08,Credit
1936,2025-05-04,1128,2004,401,2.0,2967.2,0.08,PayPal
1937,2025-05-04,1110,2014,402,0.0,246.3,0.19,Credit
1938,2025-05-04,1143,2028,404,2.0,1531.06,0.16,Credit
1940,2025-05-04,1038,2088,401,0.0,1418.7,0.1,PayPal
1942,2025-05-04,1005,2078,401,0.0,426.03,0.15,PayPal
1943,2025-05-04,1129,2013,402,0.0,1870.72,0.03,GiftCard
1944,2025-05-04,1052,2046,402,2.0,26.74,0.05,GiftCard
1947,2025-05-04,1035,2015,402,3.0,3374.85,0.08,Credit
1948,2025-05-04,1106,2098,401,1.0,1634.15,0.18,GiftCard
1949,2025-05-04,1121,2043,403,1.0,1572.21,0.14,Credit
1950,2025-05-04,1021,2034,403,3.0,544.68,0.09,GiftCard
1951,2025-05-04,1092,2080,402,1.0,3745.17,0.08,GiftCard
1952,2025-05-04,1192,2096,404,1.0,1814.89,0.18,Credit
1955,2025-05-04,1113,2018,401,0.0,1084.52,0.01,GiftCard
1956,2025-05-04,1021,2043,403,3.0,2620.35,0.17,GiftCard
1957,2025-05-04,1197,2021,404,0.0,1670.82,0.2,PayPal
1958,2025-05-04,1100,2097,401,1.0,2273.67,0.11,Cash
1961,2025-05-04,1088,2001,403,1.0,1113.34,0.02,Credit
1962,2025-05-04,1179,2051,404,1.0,211.18,0.05,PayPal
1963,2025-05-04,1139,2079,404,2.0,2281.3,0.18,Cash
1964,2025-05-04,1005,2083,404,1.0,691.34,0.07,Credit
1965,2025-05-04,1077,2010,401,2.0,186.82,0.04,Credit
1966,2025-05-04,1099,2092,402,2.0,1157.3,0.18,Credit
1967,2025-05-04,1054,2011,403,2.0,327.79,0.12,Credit
1968,2025-05-04,1193,2081,402,0.0,2238.66,0.14,Credit
1969,2025-05-04,1007,2069,403,1.0,836.6,0.13,PayPal
1970,2025-05-04,1198,2038,404,0.0,1853.02,0.04,GiftCard
1971,2025-05-04,1187,2007,403,2.0,466.71,0.09,GiftCard
1972,2025-05-04,1160,2064,403,0.0,1176.16,0.05,GiftCard
1973,2025-05-04,1012,2096,401,3.0,672.18,0.19,GiftCard
1974,2025-05-04,1076,2073,401,3.0,499.43,0.17,GiftCard
1975,2025-05-04,1086,2030,402,2.0,407.93,0.06,Credit
1976,2025-05-04,1076,2036,402,3.0,217.98,0.2,Credit
1977,2025-05-04,1133,2094,402,0.0,1973.4,0.04,PayPal
1978,2025-05-04,1083,2066,402,2.0,1238.54,0.04,Cash
1980,2025-05-04,1105,2010,401,0.0,155.68,0.18,Credit
1981,2025-05-04,1108,2016,404,1.0,872.15,0.08,GiftCard
1982,2025-05-04,1114,2009,403,3.0,198.93,0.13,PayPal
1983,2025-05-04,1150,2071,404,2.0,492.13,0,Cash
1984,2025-05-04,1149,2063,404,3.0,2762.3,0.11,Cash
1985,2025-05-04,1176,2062,404,1.0,557.42,0.13,Cash
1986,2025-05-04,1036,2064,402,3.0,294.04,0.01,PayPal
1988,2025-05-04,1177,2027,404,3.0,1034.44,0.04,Cash
1990,2025-05-04,1030,2077,404,0.0,1123.66,0.1,GiftCard
1991,2025-05-04,1030,2047,403,0.0,334.98,0.14,Cash
1992,2025-05-04,1133,2019,401,2.0,747.14,0.14,Credit
1993,2025-05-04,1078,2047,403,2.0,535.97,0.13,PayPal
1994,2025-05-04,1124,2003,402,1.0,1386.65,0.09,Cash
1995,2025-05-04,1005,2075,404,0.0,3122.56,0.03,Cash
1996,2025-05-04,1078,2036,402,1.0,588.55,0.05,GiftCard
1997,2025-05-04,1189,2062,401,0.0,2477.44,0.02,Credit
1998,2025-05-04,1140,2044,401,0.0,207.58,10000000,1998
1999,2025-05-04,1106,2061,403,3.0,599.76,0.14,Cash
2000,2025-05-04,1086,2048,404,1.0,321.87,Cash,56743956993
